station_id,latitude,longitude,timestamp,aqi,wind_speed,wind_direction,temperature,humidity,precipitation,boundary_layer_height,surface_pressure_hpa,fire_count_50km,fire_count_100km,fire_upwind_flag,road_density_500m,land_use_category
DL001,28.6476,77.3158,2024-11-13 00:00:00+00:00,280.0,1.5,110.0,16.0,75.9,0.0,69.01278,986.6175,0,0,0,1.0,mixed
DL001,28.6476,77.3158,2024-11-13 01:00:00+00:00,280.0,1.7,122.6,15.4,78.5,0.0,59.74391,987.1486,0,0,0,1.0,mixed
DL001,28.6476,77.3158,2024-11-13 02:00:00+00:00,280.0,1.9,123.6,15.0,79.8,0.0,73.574486,987.90845,0,0,0,1.0,mixed
DL001,28.6476,77.3158,2024-11-13 03:00:00+00:00,315.0,2.0,112.1,15.0,79.8,0.0,158.80272,988.9455,0,0,0,1.0,mixed
DL001,28.6476,77.3158,2024-11-13 04:00:00+00:00,315.0,2.0,98.6,15.4,78.5,0.0,346.68808,989.2441,0,0,0,1.0,mixed
DL001,28.6476,77.3158,2024-11-13 05:00:00+00:00,280.0,1.8,95.6,16.0,75.9,0.0,759.0079,989.1464,0,0,0,1.0,mixed
DL001,28.6476,77.3158,2024-11-13 06:00:00+00:00,280.0,1.6,105.8,17.0,72.2,0.0,919.7697,988.6766,0,0,0,1.0,mixed
DL001,28.6476,77.3158,2024-11-13 07:00:00+00:00,280.0,1.3,119.9,18.1,67.7,0.0,1061.5326,987.9481,0,0,0,1.0,mixed
DL001,28.6476,77.3158,2024-11-13 08:00:00+00:00,280.0,1.1,124.8,19.3,62.6,0.0,1130.0946,986.709,0,0,0,1.0,mixed
DL001,28.6476,77.3158,2024-11-13 09:00:00+00:00,280.0,1.0,116.2,20.7,57.4,0.0,1161.3519,986.10156,0,0,0,1.0,mixed
DL001,28.6476,77.3158,2024-11-13 10:00:00+00:00,280.0,1.0,101.8,21.9,52.3,0.0,1096.9863,985.8823,0,0,0,1.0,mixed
DL001,28.6476,77.3158,2024-11-13 11:00:00+00:00,280.0,1.1,95.0,23.0,47.8,0.0,1017.567,985.8486,0,0,0,1.0,mixed
DL001,28.6476,77.3158,2024-11-13 12:00:00+00:00,280.0,1.4,102.0,24.0,44.1,0.0,123.36539,986.0158,0,0,0,1.0,mixed
DL001,28.6476,77.3158,2024-11-13 13:00:00+00:00,280.0,1.6,116.3,24.6,41.5,0.0,51.857555,986.4398,0,0,0,1.0,mixed
DL001,28.6476,77.3158,2024-11-13 14:00:00+00:00,315.0,1.8,124.9,25.0,40.2,0.0,29.661934,987.10187,0,0,0,1.0,mixed
DL001,28.6476,77.3158,2024-11-13 15:00:00+00:00,315.0,2.0,119.8,25.0,40.2,0.0,18.227798,987.745,0,0,0,1.0,mixed
DL001,28.6476,77.3158,2024-11-13 16:00:00+00:00,280.0,2.0,105.7,24.6,41.5,0.0,13.416261,987.87744,0,0,0,1.0,mixed
DL001,28.6476,77.3158,2024-11-13 17:00:00+00:00,280.0,1.9,95.6,24.0,44.1,0.0,12.471311,988.25305,0,0,0,1.0,mixed
DL001,28.6476,77.3158,2024-11-13 18:00:00+00:00,280.0,1.7,98.7,23.0,47.8,0.0,12.486394,988.21655,0,0,0,1.0,mixed
DL001,28.6476,77.3158,2024-11-13 19:00:00+00:00,280.0,1.5,112.2,21.9,52.3,0.0,12.477673,988.13696,0,0,0,1.0,mixed
DL001,28.6476,77.3158,2024-11-13 20:00:00+00:00,280.0,1.2,123.7,20.7,57.4,0.0,12.554238,988.0616,0,0,0,1.0,mixed
DL001,28.6476,77.3158,2024-11-13 21:00:00+00:00,280.0,1.1,122.5,19.3,62.6,0.0,12.528383,987.7357,0,0,0,1.0,mixed
DL001,28.6476,77.3158,2024-11-13 22:00:00+00:00,280.0,1.0,109.9,18.1,67.7,0.0,12.350686,988.3033,0,0,0,1.0,mixed
DL001,28.6476,77.3158,2024-11-13 23:00:00+00:00,280.0,1.1,97.3,17.0,72.2,0.0,11.180456,988.0633,0,0,0,1.0,mixed
DL001,28.6476,77.3158,2024-11-14 00:00:00+00:00,295.0,1.5,110.0,16.0,75.9,0.0,11.076462,988.84424,0,0,0,1.0,mixed
DL001,28.6476,77.3158,2024-11-14 01:00:00+00:00,295.0,1.7,122.6,15.4,78.5,0.0,24.835804,989.38947,0,0,0,1.0,mixed
DL001,28.6476,77.3158,2024-11-14 02:00:00+00:00,295.0,1.9,123.6,15.0,79.8,0.0,36.059647,990.46704,0,0,0,1.0,mixed
DL001,28.6476,77.3158,2024-11-14 03:00:00+00:00,330.0,2.0,112.1,15.0,79.8,0.0,21.546062,991.09357,0,0,0,1.0,mixed
DL001,28.6476,77.3158,2024-11-14 04:00:00+00:00,330.0,2.0,98.6,15.4,78.5,0.0,113.48115,991.6604,0,0,0,1.0,mixed
DL001,28.6476,77.3158,2024-11-14 05:00:00+00:00,295.0,1.8,95.6,16.0,75.9,0.0,409.8142,991.7947,0,0,0,1.0,mixed
DL001,28.6476,77.3158,2024-11-14 06:00:00+00:00,295.0,1.6,105.8,17.0,72.2,0.0,665.49347,991.2449,0,0,0,1.0,mixed
DL001,28.6476,77.3158,2024-11-14 07:00:00+00:00,295.0,1.3,119.9,18.1,67.7,0.0,973.0186,990.4208,0,0,0,1.0,mixed
DL001,28.6476,77.3158,2024-11-14 08:00:00+00:00,295.0,1.1,124.8,19.3,62.6,0.0,1245.1025,989.2472,0,0,0,1.0,mixed
DL001,28.6476,77.3158,2024-11-14 09:00:00+00:00,295.0,1.0,116.2,20.7,57.4,0.0,1517.6818,988.6039,0,0,0,1.0,mixed
DL001,28.6476,77.3158,2024-11-14 10:00:00+00:00,295.0,1.0,101.8,21.9,52.3,0.0,1375.8203,988.1725,0,0,0,1.0,mixed
DL001,28.6476,77.3158,2024-11-14 11:00:00+00:00,295.0,1.1,95.0,23.0,47.8,0.0,990.61066,988.1788,0,0,0,1.0,mixed
DL001,28.6476,77.3158,2024-11-14 12:00:00+00:00,295.0,1.4,102.0,24.0,44.1,0.0,49.08575,988.07886,0,0,0,1.0,mixed
DL001,28.6476,77.3158,2024-11-14 13:00:00+00:00,295.0,1.6,116.3,24.6,41.5,0.0,36.524208,988.46924,0,0,0,1.0,mixed
DL001,28.6476,77.3158,2024-11-14 14:00:00+00:00,330.0,1.8,124.9,25.0,40.2,0.0,33.523655,989.06757,0,0,0,1.0,mixed
DL001,28.6476,77.3158,2024-11-14 15:00:00+00:00,330.0,2.0,119.8,25.0,40.2,0.0,32.07596,989.51685,0,0,0,1.0,mixed
DL001,28.6476,77.3158,2024-11-14 16:00:00+00:00,295.0,2.0,105.7,24.6,41.5,0.0,31.4733,989.4572,0,0,0,1.0,mixed
DL001,28.6476,77.3158,2024-11-14 17:00:00+00:00,295.0,1.9,95.6,24.0,44.1,0.0,30.260286,989.5666,0,0,0,1.0,mixed
DL001,28.6476,77.3158,2024-11-14 18:00:00+00:00,295.0,1.7,98.7,23.0,47.8,0.0,25.820715,989.5365,0,0,0,1.0,mixed
DL001,28.6476,77.3158,2024-11-14 19:00:00+00:00,295.0,1.5,112.2,21.9,52.3,0.0,22.12738,989.16406,0,0,0,1.0,mixed
DL001,28.6476,77.3158,2024-11-14 20:00:00+00:00,295.0,1.2,123.7,20.7,57.4,0.0,18.505016,989.0658,0,0,0,1.0,mixed
DL001,28.6476,77.3158,2024-11-14 21:00:00+00:00,295.0,1.1,122.5,19.3,62.6,0.0,14.272632,988.54596,0,0,0,1.0,mixed
DL001,28.6476,77.3158,2024-11-14 22:00:00+00:00,295.0,1.0,109.9,18.1,67.7,0.0,23.833763,988.73486,0,0,0,1.0,mixed
DL001,28.6476,77.3158,2024-11-14 23:00:00+00:00,295.0,1.1,97.3,17.0,72.2,0.0,26.244255,988.64417,0,0,0,1.0,mixed
DL001,28.6476,77.3158,2024-11-15 00:00:00+00:00,310.0,1.5,110.0,16.0,75.9,0.0,25.089397,988.9281,0,0,0,1.0,mixed
DL001,28.6476,77.3158,2024-11-15 01:00:00+00:00,310.0,1.7,122.6,15.4,78.5,0.0,27.515839,989.198,0,0,0,1.0,mixed
DL001,28.6476,77.3158,2024-11-15 02:00:00+00:00,310.0,1.9,123.6,15.0,79.8,0.0,30.565584,989.9814,0,0,0,1.0,mixed
DL001,28.6476,77.3158,2024-11-15 03:00:00+00:00,345.0,2.0,112.1,15.0,79.8,0.0,47.254395,990.5154,0,0,0,1.0,mixed
DL001,28.6476,77.3158,2024-11-15 04:00:00+00:00,345.0,2.0,98.6,15.4,78.5,0.0,186.9586,990.7724,0,0,0,1.0,mixed
DL001,28.6476,77.3158,2024-11-15 05:00:00+00:00,310.0,1.8,95.6,16.0,75.9,0.0,476.08228,990.7015,0,0,0,1.0,mixed
DL001,28.6476,77.3158,2024-11-15 06:00:00+00:00,310.0,1.6,105.8,17.0,72.2,0.0,838.3661,990.2174,0,0,0,1.0,mixed
DL001,28.6476,77.3158,2024-11-15 07:00:00+00:00,310.0,1.3,119.9,18.1,67.7,0.002861023,1312.5776,989.0886,0,0,0,1.0,mixed
DL001,28.6476,77.3158,2024-11-15 08:00:00+00:00,310.0,1.1,124.8,19.3,62.6,0.0,1591.9176,988.1811,0,0,0,1.0,mixed
DL001,28.6476,77.3158,2024-11-15 09:00:00+00:00,310.0,1.0,116.2,20.7,57.4,0.0,1642.9059,987.3402,0,0,0,1.0,mixed
DL001,28.6476,77.3158,2024-11-15 10:00:00+00:00,310.0,1.0,101.8,21.9,52.3,0.0,1433.6111,986.96094,0,0,0,1.0,mixed
DL001,28.6476,77.3158,2024-11-15 11:00:00+00:00,310.0,1.1,95.0,23.0,47.8,0.0,1081.3077,986.55865,0,0,0,1.0,mixed
DL001,28.6476,77.3158,2024-11-15 12:00:00+00:00,310.0,1.4,102.0,24.0,44.1,0.0,137.26778,986.5818,0,0,0,1.0,mixed
DL001,28.6476,77.3158,2024-11-15 13:00:00+00:00,310.0,1.6,116.3,24.6,41.5,0.0,75.912384,987.10406,0,0,0,1.0,mixed
DL001,28.6476,77.3158,2024-11-15 14:00:00+00:00,345.0,1.8,124.9,25.0,40.2,0.0,62.408924,987.4194,0,0,0,1.0,mixed
DL001,28.6476,77.3158,2024-11-15 15:00:00+00:00,345.0,2.0,119.8,25.0,40.2,0.0,60.457535,987.8432,0,0,0,1.0,mixed
DL001,28.6476,77.3158,2024-11-15 16:00:00+00:00,310.0,2.0,105.7,24.6,41.5,0.0,61.58032,987.9972,0,0,0,1.0,mixed
DL001,28.6476,77.3158,2024-11-15 17:00:00+00:00,310.0,1.9,95.6,24.0,44.1,0.0,57.776447,987.96893,0,0,0,1.0,mixed
DL001,28.6476,77.3158,2024-11-15 18:00:00+00:00,310.0,1.7,98.7,23.0,47.8,0.0,55.924393,987.8536,0,0,0,1.0,mixed
DL001,28.6476,77.3158,2024-11-15 19:00:00+00:00,310.0,1.5,112.2,21.9,52.3,0.0,54.007294,987.721,0,0,0,1.0,mixed
DL001,28.6476,77.3158,2024-11-15 20:00:00+00:00,310.0,1.2,123.7,20.7,57.4,0.0,50.917625,987.73126,0,0,0,1.0,mixed
DL001,28.6476,77.3158,2024-11-15 21:00:00+00:00,310.0,1.1,122.5,19.3,62.6,0.0,49.577442,987.33923,0,0,0,1.0,mixed
DL001,28.6476,77.3158,2024-11-15 22:00:00+00:00,310.0,1.0,109.9,18.1,67.7,0.0,30.875755,987.58813,0,0,0,1.0,mixed
DL001,28.6476,77.3158,2024-11-15 23:00:00+00:00,310.0,1.1,97.3,17.0,72.2,0.0,30.920635,987.0611,0,0,0,1.0,mixed
DL001,28.6476,77.3158,2024-11-16 00:00:00+00:00,325.0,1.2,200.0,16.0,75.9,0.0,34.261204,987.23126,0,0,0,1.0,mixed
DL001,28.6476,77.3158,2024-11-16 01:00:00+00:00,325.0,1.3,225.2,15.4,78.5,0.0,34.07254,987.6358,0,0,0,1.0,mixed
DL001,28.6476,77.3158,2024-11-16 02:00:00+00:00,325.0,1.5,227.3,15.0,79.8,0.0,37.383682,987.8586,0,0,0,1.0,mixed
DL001,28.6476,77.3158,2024-11-16 03:00:00+00:00,360.0,1.5,204.2,15.0,79.8,0.0,96.55231,988.6268,0,0,0,1.0,mixed
DL001,28.6476,77.3158,2024-11-16 04:00:00+00:00,360.0,1.5,177.3,15.4,78.5,0.0,305.4146,988.9825,0,0,0,1.0,mixed
DL001,28.6476,77.3158,2024-11-16 05:00:00+00:00,325.0,1.4,171.2,16.0,75.9,0.0,552.11597,988.96936,0,0,0,1.0,mixed
DL001,28.6476,77.3158,2024-11-16 06:00:00+00:00,325.0,1.2,191.6,17.0,72.2,0.0,788.3315,988.8491,0,0,0,1.0,mixed
DL001,28.6476,77.3158,2024-11-16 07:00:00+00:00,325.0,1.1,219.7,18.1,67.7,0.0,970.3067,987.8649,0,0,0,1.0,mixed
DL001,28.6476,77.3158,2024-11-16 08:00:00+00:00,325.0,1.0,229.7,19.3,62.6,0.0,1149.7086,986.66486,0,0,0,1.0,mixed
DL001,28.6476,77.3158,2024-11-16 09:00:00+00:00,325.0,0.9,212.4,20.7,57.4,0.0,1356.0786,986.2079,0,0,0,1.0,mixed
DL001,28.6476,77.3158,2024-11-16 10:00:00+00:00,325.0,0.9,183.7,21.9,52.3,0.0,1332.5538,985.72015,0,0,0,1.0,mixed
DL001,28.6476,77.3158,2024-11-16 11:00:00+00:00,325.0,1.0,170.0,23.0,47.8,0.0,841.4504,985.4517,0,0,0,1.0,mixed
DL001,28.6476,77.3158,2024-11-16 12:00:00+00:00,325.0,1.1,183.9,24.0,44.1,0.0,71.2098,985.7491,0,0,0,1.0,mixed
DL001,28.6476,77.3158,2024-11-16 13:00:00+00:00,325.0,1.3,212.6,24.6,41.5,0.0,36.486664,986.0686,0,0,0,1.0,mixed
DL001,28.6476,77.3158,2024-11-16 14:00:00+00:00,360.0,1.4,229.7,25.0,40.2,0.0,30.290405,986.82764,0,0,0,1.0,mixed
DL001,28.6476,77.3158,2024-11-16 15:00:00+00:00,360.0,1.5,219.5,25.0,40.2,0.0,39.582954,987.5744,0,0,0,1.0,mixed
DL001,28.6476,77.3158,2024-11-16 16:00:00+00:00,325.0,1.5,191.4,24.6,41.5,0.0,46.70921,987.9359,0,0,0,1.0,mixed
DL001,28.6476,77.3158,2024-11-16 17:00:00+00:00,325.0,1.4,171.2,24.0,44.1,0.0,49.800343,987.9305,0,0,0,1.0,mixed
DL001,28.6476,77.3158,2024-11-16 18:00:00+00:00,325.0,1.3,177.5,23.0,47.8,0.0,46.90514,987.8042,0,0,0,1.0,mixed
DL001,28.6476,77.3158,2024-11-16 19:00:00+00:00,325.0,1.2,204.5,21.9,52.3,0.0,40.05805,987.5999,0,0,0,1.0,mixed
DL001,28.6476,77.3158,2024-11-16 20:00:00+00:00,325.0,1.0,227.4,20.7,57.4,0.0,35.16648,987.41595,0,0,0,1.0,mixed
DL001,28.6476,77.3158,2024-11-16 21:00:00+00:00,325.0,0.9,225.1,19.3,62.6,0.0,34.975517,987.16455,0,0,0,1.0,mixed
DL001,28.6476,77.3158,2024-11-16 22:00:00+00:00,325.0,0.9,199.7,18.1,67.7,0.0,34.700024,987.26874,0,0,0,1.0,mixed
DL001,28.6476,77.3158,2024-11-16 23:00:00+00:00,325.0,0.9,174.6,17.0,72.2,0.0,38.449345,987.03455,0,0,0,1.0,mixed
DL001,28.6476,77.3158,2024-11-17 00:00:00+00:00,460.0,2.8,315.0,16.0,75.9,0.0,43.627884,987.608,0,0,0,1.0,mixed
DL001,28.6476,77.3158,2024-11-17 01:00:00+00:00,460.0,3.2,323.4,15.4,78.5,0.0,50.25567,987.7377,0,0,0,1.0,mixed
DL001,28.6476,77.3158,2024-11-17 02:00:00+00:00,460.0,3.5,324.1,15.0,79.8,0.0,70.88696,988.4107,0,0,0,1.0,mixed
DL001,28.6476,77.3158,2024-11-17 03:00:00+00:00,495.0,3.6,316.4,15.0,79.8,0.0,145.59407,989.30396,0,0,0,1.0,mixed
DL001,28.6476,77.3158,2024-11-17 04:00:00+00:00,495.0,3.5,307.4,15.4,78.5,0.0,290.82736,989.76917,0,0,0,1.0,mixed
DL001,28.6476,77.3158,2024-11-17 05:00:00+00:00,460.0,3.3,305.4,16.0,75.9,0.0,492.81903,989.82935,0,0,0,1.0,mixed
DL001,28.6476,77.3158,2024-11-17 06:00:00+00:00,460.0,2.9,312.2,17.0,72.2,0.002861023,747.9323,989.562,0,0,0,1.0,mixed
DL001,28.6476,77.3158,2024-11-17 07:00:00+00:00,460.0,2.5,321.6,18.1,67.7,0.054836273,989.97327,988.9093,0,0,0,1.0,mixed
DL001,28.6476,77.3158,2024-11-17 08:00:00+00:00,460.0,2.2,324.9,19.3,62.6,0.0047683716,1140.541,987.84485,0,0,0,1.0,mixed
DL001,28.6476,77.3158,2024-11-17 09:00:00+00:00,460.0,2.0,319.1,20.7,57.4,0.0,1323.5211,987.2672,0,0,0,1.0,mixed
DL001,28.6476,77.3158,2024-11-17 10:00:00+00:00,460.0,2.0,309.6,21.9,52.3,0.0,1215.7404,986.8833,0,0,0,1.0,mixed
DL001,28.6476,77.3158,2024-11-17 11:00:00+00:00,460.0,2.2,305.0,23.0,47.8,0.0,1230.6952,987.1015,0,0,0,1.0,mixed
DL001,28.6476,77.3158,2024-11-17 12:00:00+00:00,460.0,2.6,309.6,24.0,44.1,0.0,169.65703,987.3539,0,0,0,1.0,mixed
DL001,28.6476,77.3158,2024-11-17 13:00:00+00:00,460.0,3.0,319.2,24.6,41.5,0.0,118.62592,987.6155,0,0,0,1.0,mixed
DL001,28.6476,77.3158,2024-11-17 14:00:00+00:00,495.0,3.3,324.9,25.0,40.2,0.0,99.46279,988.40656,0,0,0,1.0,mixed
DL001,28.6476,77.3158,2024-11-17 15:00:00+00:00,495.0,3.6,321.5,25.0,40.2,0.0,93.741104,988.8817,0,0,0,1.0,mixed
DL001,28.6476,77.3158,2024-11-17 16:00:00+00:00,460.0,3.6,312.1,24.6,41.5,0.0,86.58091,988.7978,0,0,0,1.0,mixed
DL001,28.6476,77.3158,2024-11-17 17:00:00+00:00,460.0,3.4,305.4,24.0,44.1,0.0,81.688965,988.99097,0,0,0,1.0,mixed
DL001,28.6476,77.3158,2024-11-17 18:00:00+00:00,460.0,3.1,307.5,23.0,47.8,0.0,87.1137,988.9521,0,0,0,1.0,mixed
DL001,28.6476,77.3158,2024-11-17 19:00:00+00:00,460.0,2.7,316.5,21.9,52.3,0.0,92.08738,988.8558,0,0,0,1.0,mixed
DL001,28.6476,77.3158,2024-11-17 20:00:00+00:00,460.0,2.4,324.1,20.7,57.4,0.0,87.04678,988.73615,0,0,0,1.0,mixed
DL001,28.6476,77.3158,2024-11-17 21:00:00+00:00,460.0,2.1,323.4,19.3,62.6,0.0,88.442955,988.5092,0,0,0,1.0,mixed
DL001,28.6476,77.3158,2024-11-17 22:00:00+00:00,460.0,2.0,314.9,18.1,67.7,0.0,97.320435,988.8582,0,0,0,1.0,mixed
DL001,28.6476,77.3158,2024-11-17 23:00:00+00:00,460.0,2.1,306.5,17.0,72.2,0.0,108.64643,988.9497,0,0,0,1.0,mixed
DL001,28.6476,77.3158,2024-11-18 00:00:00+00:00,495.0,2.8,315.0,16.0,75.9,0.0,97.31655,989.4275,0,0,0,1.0,mixed
DL001,28.6476,77.3158,2024-11-18 01:00:00+00:00,496.0,3.2,323.4,15.4,78.5,0.0,93.804245,989.558,0,0,0,1.0,mixed
DL001,28.6476,77.3158,2024-11-18 02:00:00+00:00,497.0,3.5,324.1,15.0,79.8,0.0,122.57989,990.1994,0,0,0,1.0,mixed
DL001,28.6476,77.3158,2024-11-18 03:00:00+00:00,498.0,3.6,316.4,15.0,79.8,0.0,203.8797,991.18304,0,0,0,1.0,mixed
DL001,28.6476,77.3158,2024-11-18 04:00:00+00:00,499.0,3.5,307.4,15.4,78.5,0.0,424.10806,991.83594,0,0,0,1.0,mixed
DL001,28.6476,77.3158,2024-11-18 05:00:00+00:00,495.0,3.3,305.4,16.0,75.9,0.0,832.0193,991.8206,0,0,0,1.0,mixed
DL001,28.6476,77.3158,2024-11-18 06:00:00+00:00,496.0,2.9,312.2,17.0,72.2,0.0,1037.6478,991.3565,0,0,0,1.0,mixed
DL001,28.6476,77.3158,2024-11-18 07:00:00+00:00,497.0,2.5,321.6,18.1,67.7,0.0,1180.5479,990.5195,0,0,0,1.0,mixed
DL001,28.6476,77.3158,2024-11-18 08:00:00+00:00,498.0,2.2,324.9,19.3,62.6,0.0,1267.0115,989.4975,0,0,0,1.0,mixed
DL001,28.6476,77.3158,2024-11-18 09:00:00+00:00,499.0,2.0,319.1,20.7,57.4,0.0,1294.7472,988.9975,0,0,0,1.0,mixed
DL001,28.6476,77.3158,2024-11-18 10:00:00+00:00,495.0,2.0,309.6,21.9,52.3,0.0,1379.3727,988.5989,0,0,0,1.0,mixed
DL001,28.6476,77.3158,2024-11-18 11:00:00+00:00,496.0,2.2,305.0,23.0,47.8,0.0,1327.8896,988.5489,0,0,0,1.0,mixed
DL001,28.6476,77.3158,2024-11-18 12:00:00+00:00,497.0,2.6,309.6,24.0,44.1,0.0,129.55661,988.6284,0,0,0,1.0,mixed
DL001,28.6476,77.3158,2024-11-18 13:00:00+00:00,498.0,3.0,319.2,24.6,41.5,0.0,58.315258,988.9973,0,0,0,1.0,mixed
DL001,28.6476,77.3158,2024-11-18 14:00:00+00:00,499.0,3.3,324.9,25.0,40.2,0.0,43.065914,989.52014,0,0,0,1.0,mixed
DL001,28.6476,77.3158,2024-11-18 15:00:00+00:00,495.0,3.6,321.5,25.0,40.2,0.0,36.905643,989.92163,0,0,0,1.0,mixed
DL001,28.6476,77.3158,2024-11-18 16:00:00+00:00,496.0,3.6,312.1,24.6,41.5,0.0,35.948723,990.19104,0,0,0,1.0,mixed
DL001,28.6476,77.3158,2024-11-18 17:00:00+00:00,497.0,3.4,305.4,24.0,44.1,0.0,37.76905,990.307,0,0,0,1.0,mixed
DL001,28.6476,77.3158,2024-11-18 18:00:00+00:00,498.0,3.1,307.5,23.0,47.8,0.0,41.621517,990.46545,0,0,0,1.0,mixed
DL001,28.6476,77.3158,2024-11-18 19:00:00+00:00,499.0,2.7,316.5,21.9,52.3,0.0,47.08108,990.10236,0,0,0,1.0,mixed
DL001,28.6476,77.3158,2024-11-18 20:00:00+00:00,495.0,2.4,324.1,20.7,57.4,0.0,51.33931,990.03326,0,0,0,1.0,mixed
DL001,28.6476,77.3158,2024-11-18 21:00:00+00:00,496.0,2.1,323.4,19.3,62.6,0.0,56.294746,989.8883,0,0,0,1.0,mixed
DL001,28.6476,77.3158,2024-11-18 22:00:00+00:00,497.0,2.0,314.9,18.1,67.7,0.0,58.422783,990.2594,0,0,0,1.0,mixed
DL001,28.6476,77.3158,2024-11-18 23:00:00+00:00,498.0,2.1,306.5,17.0,72.2,0.0,59.993877,990.2455,0,0,0,1.0,mixed
DL002,28.8228,77.0943,2024-11-13 00:00:00+00:00,240.0,1.5,110.0,16.0,75.9,0.0,62.200283,987.0775,0,0,0,0.40476190476190477,industrial
DL002,28.8228,77.0943,2024-11-13 01:00:00+00:00,240.0,1.7,122.6,15.4,78.5,0.0,55.61891,987.6186,0,0,0,0.40476190476190477,industrial
DL002,28.8228,77.0943,2024-11-13 02:00:00+00:00,240.0,1.9,123.6,15.0,79.8,0.0,70.261986,988.39844,0,0,0,0.40476190476190477,industrial
DL002,28.8228,77.0943,2024-11-13 03:00:00+00:00,275.0,2.0,112.1,15.0,79.8,0.0,150.99022,989.4355,0,0,0,0.40476190476190477,industrial
DL002,28.8228,77.0943,2024-11-13 04:00:00+00:00,275.0,2.0,98.6,15.4,78.5,0.0,337.56308,989.70404,0,0,0,0.40476190476190477,industrial
DL002,28.8228,77.0943,2024-11-13 05:00:00+00:00,240.0,1.8,95.6,16.0,75.9,0.0,733.6329,989.59644,0,0,0,0.40476190476190477,industrial
DL002,28.8228,77.0943,2024-11-13 06:00:00+00:00,240.0,1.6,105.8,17.0,72.2,0.0,898.6447,989.1166,0,0,0,0.40476190476190477,industrial
DL002,28.8228,77.0943,2024-11-13 07:00:00+00:00,240.0,1.3,119.9,18.1,67.7,0.0,1039.4076,988.3881,0,0,0,0.40476190476190477,industrial
DL002,28.8228,77.0943,2024-11-13 08:00:00+00:00,240.0,1.1,124.8,19.3,62.6,0.0,1122.5946,987.12897,0,0,0,0.40476190476190477,industrial
DL002,28.8228,77.0943,2024-11-13 09:00:00+00:00,240.0,1.0,116.2,20.7,57.4,0.0,1173.7269,986.51154,0,0,0,0.40476190476190477,industrial
DL002,28.8228,77.0943,2024-11-13 10:00:00+00:00,240.0,1.0,101.8,21.9,52.3,0.0,1123.7363,986.3223,0,0,0,0.40476190476190477,industrial
DL002,28.8228,77.0943,2024-11-13 11:00:00+00:00,240.0,1.1,95.0,23.0,47.8,0.0,1042.692,986.2386,0,0,0,0.40476190476190477,industrial
DL002,28.8228,77.0943,2024-11-13 12:00:00+00:00,240.0,1.4,102.0,24.0,44.1,0.0,124.80289,986.39575,0,0,0,0.40476190476190477,industrial
DL002,28.8228,77.0943,2024-11-13 13:00:00+00:00,240.0,1.6,116.3,24.6,41.5,0.0,50.982555,986.8098,0,0,0,0.40476190476190477,industrial
DL002,28.8228,77.0943,2024-11-13 14:00:00+00:00,275.0,1.8,124.9,25.0,40.2,0.0,28.411934,987.47186,0,0,0,0.40476190476190477,industrial
DL002,28.8228,77.0943,2024-11-13 15:00:00+00:00,275.0,2.0,119.8,25.0,40.2,0.0,17.727798,988.125,0,0,0,0.40476190476190477,industrial
DL002,28.8228,77.0943,2024-11-13 16:00:00+00:00,240.0,2.0,105.7,24.6,41.5,0.0,13.666261,988.25745,0,0,0,0.40476190476190477,industrial
DL002,28.8228,77.0943,2024-11-13 17:00:00+00:00,240.0,1.9,95.6,24.0,44.1,0.0,13.846311,988.61304,0,0,0,0.40476190476190477,industrial
DL002,28.8228,77.0943,2024-11-13 18:00:00+00:00,240.0,1.7,98.7,23.0,47.8,0.0,14.861394,988.58655,0,0,0,0.40476190476190477,industrial
DL002,28.8228,77.0943,2024-11-13 19:00:00+00:00,240.0,1.5,112.2,21.9,52.3,0.0,15.352673,988.527,0,0,0,0.40476190476190477,industrial
DL002,28.8228,77.0943,2024-11-13 20:00:00+00:00,240.0,1.2,123.7,20.7,57.4,0.0,15.304238,988.4316,0,0,0,0.40476190476190477,industrial
DL002,28.8228,77.0943,2024-11-13 21:00:00+00:00,240.0,1.1,122.5,19.3,62.6,0.0,14.278383,988.1357,0,0,0,0.40476190476190477,industrial
DL002,28.8228,77.0943,2024-11-13 22:00:00+00:00,240.0,1.0,109.9,18.1,67.7,0.0,13.600686,988.7333,0,0,0,0.40476190476190477,industrial
DL002,28.8228,77.0943,2024-11-13 23:00:00+00:00,240.0,1.1,97.3,17.0,72.2,0.0,13.367956,988.4933,0,0,0,0.40476190476190477,industrial
DL002,28.8228,77.0943,2024-11-14 00:00:00+00:00,255.0,1.5,110.0,16.0,75.9,0.0,16.576462,989.21423,0,0,0,0.40476190476190477,industrial
DL002,28.8228,77.0943,2024-11-14 01:00:00+00:00,255.0,1.7,122.6,15.4,78.5,0.0,20.335804,989.73944,0,0,0,0.40476190476190477,industrial
DL002,28.8228,77.0943,2024-11-14 02:00:00+00:00,255.0,1.9,123.6,15.0,79.8,0.0,37.059647,990.827,0,0,0,0.40476190476190477,industrial
DL002,28.8228,77.0943,2024-11-14 03:00:00+00:00,290.0,2.0,112.1,15.0,79.8,0.0,49.296062,991.4636,0,0,0,0.40476190476190477,industrial
DL002,28.8228,77.0943,2024-11-14 04:00:00+00:00,290.0,2.0,98.6,15.4,78.5,0.0,183.60616,992.0304,0,0,0,0.40476190476190477,industrial
DL002,28.8228,77.0943,2024-11-14 05:00:00+00:00,255.0,1.8,95.6,16.0,75.9,0.0,453.5642,992.15466,0,0,0,0.40476190476190477,industrial
DL002,28.8228,77.0943,2024-11-14 06:00:00+00:00,255.0,1.6,105.8,17.0,72.2,0.0,718.11847,991.61487,0,0,0,0.40476190476190477,industrial
DL002,28.8228,77.0943,2024-11-14 07:00:00+00:00,255.0,1.3,119.9,18.1,67.7,0.0,1052.0186,990.77075,0,0,0,0.40476190476190477,industrial
DL002,28.8228,77.0943,2024-11-14 08:00:00+00:00,255.0,1.1,124.8,19.3,62.6,0.0,1344.9775,989.6172,0,0,0,0.40476190476190477,industrial
DL002,28.8228,77.0943,2024-11-14 09:00:00+00:00,255.0,1.0,116.2,20.7,57.4,0.0,1682.5568,988.9539,0,0,0,0.40476190476190477,industrial
DL002,28.8228,77.0943,2024-11-14 10:00:00+00:00,255.0,1.0,101.8,21.9,52.3,0.0,1486.0703,988.4525,0,0,0,0.40476190476190477,industrial
DL002,28.8228,77.0943,2024-11-14 11:00:00+00:00,255.0,1.1,95.0,23.0,47.8,0.0,1055.9856,988.47876,0,0,0,0.40476190476190477,industrial
DL002,28.8228,77.0943,2024-11-14 12:00:00+00:00,255.0,1.4,102.0,24.0,44.1,0.0,53.83575,988.4188,0,0,0,0.40476190476190477,industrial
DL002,28.8228,77.0943,2024-11-14 13:00:00+00:00,255.0,1.6,116.3,24.6,41.5,0.0,41.149208,988.8292,0,0,0,0.40476190476190477,industrial
DL002,28.8228,77.0943,2024-11-14 14:00:00+00:00,290.0,1.8,124.9,25.0,40.2,0.0,37.898655,989.43756,0,0,0,0.40476190476190477,industrial
DL002,28.8228,77.0943,2024-11-14 15:00:00+00:00,290.0,2.0,119.8,25.0,40.2,0.0,36.45096,989.8869,0,0,0,0.40476190476190477,industrial
DL002,28.8228,77.0943,2024-11-14 16:00:00+00:00,255.0,2.0,105.7,24.6,41.5,0.0,35.7233,989.83716,0,0,0,0.40476190476190477,industrial
DL002,28.8228,77.0943,2024-11-14 17:00:00+00:00,255.0,1.9,95.6,24.0,44.1,0.0,34.885284,989.96655,0,0,0,0.40476190476190477,industrial
DL002,28.8228,77.0943,2024-11-14 18:00:00+00:00,255.0,1.7,98.7,23.0,47.8,0.0,30.570715,989.93646,0,0,0,0.40476190476190477,industrial
DL002,28.8228,77.0943,2024-11-14 19:00:00+00:00,255.0,1.5,112.2,21.9,52.3,0.0,25.50238,989.59406,0,0,0,0.40476190476190477,industrial
DL002,28.8228,77.0943,2024-11-14 20:00:00+00:00,255.0,1.2,123.7,20.7,57.4,0.0,19.755016,989.5158,0,0,0,0.40476190476190477,industrial
DL002,28.8228,77.0943,2024-11-14 21:00:00+00:00,255.0,1.1,122.5,19.3,62.6,0.0,14.397632,988.9959,0,0,0,0.40476190476190477,industrial
DL002,28.8228,77.0943,2024-11-14 22:00:00+00:00,255.0,1.0,109.9,18.1,67.7,0.0,18.708763,989.1948,0,0,0,0.40476190476190477,industrial
DL002,28.8228,77.0943,2024-11-14 23:00:00+00:00,255.0,1.1,97.3,17.0,72.2,0.0,19.494255,989.11414,0,0,0,0.40476190476190477,industrial
DL002,28.8228,77.0943,2024-11-15 00:00:00+00:00,270.0,1.5,110.0,16.0,75.9,0.0,16.714397,989.3881,0,0,0,0.40476190476190477,industrial
DL002,28.8228,77.0943,2024-11-15 01:00:00+00:00,270.0,1.7,122.6,15.4,78.5,0.0,22.328339,989.66797,0,0,0,0.40476190476190477,industrial
DL002,28.8228,77.0943,2024-11-15 02:00:00+00:00,270.0,1.9,123.6,15.0,79.8,0.0,26.128084,990.3814,0,0,0,0.40476190476190477,industrial
DL002,28.8228,77.0943,2024-11-15 03:00:00+00:00,305.0,2.0,112.1,15.0,79.8,0.0,34.754395,990.9254,0,0,0,0.40476190476190477,industrial
DL002,28.8228,77.0943,2024-11-15 04:00:00+00:00,305.0,2.0,98.6,15.4,78.5,0.0,170.5836,991.2024,0,0,0,0.40476190476190477,industrial
DL002,28.8228,77.0943,2024-11-15 05:00:00+00:00,270.0,1.8,95.6,16.0,75.9,0.0,453.20728,991.12146,0,0,0,0.40476190476190477,industrial
DL002,28.8228,77.0943,2024-11-15 06:00:00+00:00,270.0,1.6,105.8,17.0,72.2,0.0,807.8661,990.61743,0,0,0,0.40476190476190477,industrial
DL002,28.8228,77.0943,2024-11-15 07:00:00+00:00,270.0,1.3,119.9,18.1,67.7,0.002861023,1326.5776,989.52856,0,0,0,0.40476190476190477,industrial
DL002,28.8228,77.0943,2024-11-15 08:00:00+00:00,270.0,1.1,124.8,19.3,62.6,0.0,1611.1676,988.59106,0,0,0,0.40476190476190477,industrial
DL002,28.8228,77.0943,2024-11-15 09:00:00+00:00,270.0,1.0,116.2,20.7,57.4,0.0,1659.9059,987.7802,0,0,0,0.40476190476190477,industrial
DL002,28.8228,77.0943,2024-11-15 10:00:00+00:00,270.0,1.0,101.8,21.9,52.3,0.0,1412.3611,987.36096,0,0,0,0.40476190476190477,industrial
DL002,28.8228,77.0943,2024-11-15 11:00:00+00:00,270.0,1.1,95.0,23.0,47.8,0.0,1057.5577,986.98865,0,0,0,0.40476190476190477,industrial
DL002,28.8228,77.0943,2024-11-15 12:00:00+00:00,270.0,1.4,102.0,24.0,44.1,0.0,143.64278,987.0318,0,0,0,0.40476190476190477,industrial
DL002,28.8228,77.0943,2024-11-15 13:00:00+00:00,270.0,1.6,116.3,24.6,41.5,0.0,76.037384,987.53406,0,0,0,0.40476190476190477,industrial
DL002,28.8228,77.0943,2024-11-15 14:00:00+00:00,305.0,1.8,124.9,25.0,40.2,0.0,60.533924,987.8194,0,0,0,0.40476190476190477,industrial
DL002,28.8228,77.0943,2024-11-15 15:00:00+00:00,305.0,2.0,119.8,25.0,40.2,0.0,59.207535,988.2432,0,0,0,0.40476190476190477,industrial
DL002,28.8228,77.0943,2024-11-15 16:00:00+00:00,270.0,2.0,105.7,24.6,41.5,0.0,60.95532,988.4172,0,0,0,0.40476190476190477,industrial
DL002,28.8228,77.0943,2024-11-15 17:00:00+00:00,270.0,1.9,95.6,24.0,44.1,0.0,56.151447,988.3989,0,0,0,0.40476190476190477,industrial
DL002,28.8228,77.0943,2024-11-15 18:00:00+00:00,270.0,1.7,98.7,23.0,47.8,0.0,53.174393,988.3136,0,0,0,0.40476190476190477,industrial
DL002,28.8228,77.0943,2024-11-15 19:00:00+00:00,270.0,1.5,112.2,21.9,52.3,0.0,49.382294,988.19104,0,0,0,0.40476190476190477,industrial
DL002,28.8228,77.0943,2024-11-15 20:00:00+00:00,270.0,1.2,123.7,20.7,57.4,0.0,44.542625,988.22125,0,0,0,0.40476190476190477,industrial
DL002,28.8228,77.0943,2024-11-15 21:00:00+00:00,270.0,1.1,122.5,19.3,62.6,0.0,41.077442,987.8292,0,0,0,0.40476190476190477,industrial
DL002,28.8228,77.0943,2024-11-15 22:00:00+00:00,270.0,1.0,109.9,18.1,67.7,0.0,24.375755,988.02814,0,0,0,0.40476190476190477,industrial
DL002,28.8228,77.0943,2024-11-15 23:00:00+00:00,270.0,1.1,97.3,17.0,72.2,0.0,23.233135,987.5411,0,0,0,0.40476190476190477,industrial
DL002,28.8228,77.0943,2024-11-16 00:00:00+00:00,285.0,1.2,200.0,16.0,75.9,0.0,26.948704,987.6813,0,0,0,0.40476190476190477,industrial
DL002,28.8228,77.0943,2024-11-16 01:00:00+00:00,285.0,1.3,225.2,15.4,78.5,0.0,27.322538,988.0458,0,0,0,0.40476190476190477,industrial
DL002,28.8228,77.0943,2024-11-16 02:00:00+00:00,285.0,1.5,227.3,15.0,79.8,0.0,27.07118,988.2686,0,0,0,0.40476190476190477,industrial
DL002,28.8228,77.0943,2024-11-16 03:00:00+00:00,320.0,1.5,204.2,15.0,79.8,0.0,82.55231,989.0668,0,0,0,0.40476190476190477,industrial
DL002,28.8228,77.0943,2024-11-16 04:00:00+00:00,320.0,1.5,177.3,15.4,78.5,0.0,306.6646,989.4425,0,0,0,0.40476190476190477,industrial
DL002,28.8228,77.0943,2024-11-16 05:00:00+00:00,285.0,1.4,171.2,16.0,75.9,0.0,571.49097,989.4394,0,0,0,0.40476190476190477,industrial
DL002,28.8228,77.0943,2024-11-16 06:00:00+00:00,285.0,1.2,191.6,17.0,72.2,0.0,818.8315,989.32916,0,0,0,0.40476190476190477,industrial
DL002,28.8228,77.0943,2024-11-16 07:00:00+00:00,285.0,1.1,219.7,18.1,67.7,0.0,999.0567,988.2849,0,0,0,0.40476190476190477,industrial
DL002,28.8228,77.0943,2024-11-16 08:00:00+00:00,285.0,1.0,229.7,19.3,62.6,0.0,1176.5836,987.08484,0,0,0,0.40476190476190477,industrial
DL002,28.8228,77.0943,2024-11-16 09:00:00+00:00,285.0,0.9,212.4,20.7,57.4,0.0,1437.8286,986.6179,0,0,0,0.40476190476190477,industrial
DL002,28.8228,77.0943,2024-11-16 10:00:00+00:00,285.0,0.9,183.7,21.9,52.3,0.0,1384.6788,986.08014,0,0,0,0.40476190476190477,industrial
DL002,28.8228,77.0943,2024-11-16 11:00:00+00:00,285.0,1.0,170.0,23.0,47.8,0.0,871.0754,985.8017,0,0,0,0.40476190476190477,industrial
DL002,28.8228,77.0943,2024-11-16 12:00:00+00:00,285.0,1.1,183.9,24.0,44.1,0.0,68.2098,986.14905,0,0,0,0.40476190476190477,industrial
DL002,28.8228,77.0943,2024-11-16 13:00:00+00:00,285.0,1.3,212.6,24.6,41.5,0.0,33.736664,986.4386,0,0,0,0.40476190476190477,industrial
DL002,28.8228,77.0943,2024-11-16 14:00:00+00:00,320.0,1.4,229.7,25.0,40.2,0.0,35.290405,987.19763,0,0,0,0.40476190476190477,industrial
DL002,28.8228,77.0943,2024-11-16 15:00:00+00:00,320.0,1.5,219.5,25.0,40.2,0.0,52.707954,987.96436,0,0,0,0.40476190476190477,industrial
DL002,28.8228,77.0943,2024-11-16 16:00:00+00:00,285.0,1.5,191.4,24.6,41.5,0.0,63.95921,988.33594,0,0,0,0.40476190476190477,industrial
DL002,28.8228,77.0943,2024-11-16 17:00:00+00:00,285.0,1.4,171.2,24.0,44.1,0.0,62.550343,988.3605,0,0,0,0.40476190476190477,industrial
DL002,28.8228,77.0943,2024-11-16 18:00:00+00:00,285.0,1.3,177.5,23.0,47.8,0.0,54.90514,988.27423,0,0,0,0.40476190476190477,industrial
DL002,28.8228,77.0943,2024-11-16 19:00:00+00:00,285.0,1.2,204.5,21.9,52.3,0.0,42.80805,988.06995,0,0,0,0.40476190476190477,industrial
DL002,28.8228,77.0943,2024-11-16 20:00:00+00:00,285.0,1.0,227.4,20.7,57.4,0.0,34.16648,987.90594,0,0,0,0.40476190476190477,industrial
DL002,28.8228,77.0943,2024-11-16 21:00:00+00:00,285.0,0.9,225.1,19.3,62.6,0.0,32.975517,987.6345,0,0,0,0.40476190476190477,industrial
DL002,28.8228,77.0943,2024-11-16 22:00:00+00:00,285.0,0.9,199.7,18.1,67.7,0.0,32.512524,987.71875,0,0,0,0.40476190476190477,industrial
DL002,28.8228,77.0943,2024-11-16 23:00:00+00:00,285.0,0.9,174.6,17.0,72.2,0.0,35.699345,987.4945,0,0,0,0.40476190476190477,industrial
DL002,28.8228,77.0943,2024-11-17 00:00:00+00:00,435.0,2.8,315.0,16.0,75.9,0.0,40.315384,988.068,0,0,0,0.40476190476190477,industrial
DL002,28.8228,77.0943,2024-11-17 01:00:00+00:00,435.0,3.2,323.4,15.4,78.5,0.0,45.75567,988.16766,0,0,0,0.40476190476190477,industrial
DL002,28.8228,77.0943,2024-11-17 02:00:00+00:00,435.0,3.5,324.1,15.0,79.8,0.0,75.13696,988.9007,0,0,0,0.40476190476190477,industrial
DL002,28.8228,77.0943,2024-11-17 03:00:00+00:00,470.0,3.6,316.4,15.0,79.8,0.0,142.84407,989.80396,0,0,0,0.40476190476190477,industrial
DL002,28.8228,77.0943,2024-11-17 04:00:00+00:00,470.0,3.5,307.4,15.4,78.5,0.0,264.20236,990.2791,0,0,0,0.40476190476190477,industrial
DL002,28.8228,77.0943,2024-11-17 05:00:00+00:00,435.0,3.3,305.4,16.0,75.9,0.0,469.81903,990.33936,0,0,0,0.40476190476190477,industrial
DL002,28.8228,77.0943,2024-11-17 06:00:00+00:00,435.0,2.9,312.2,17.0,72.2,0.00333786,724.1823,990.08203,0,0,0,0.40476190476190477,industrial
DL002,28.8228,77.0943,2024-11-17 07:00:00+00:00,435.0,2.5,321.6,18.1,67.7,0.04196167,982.09827,989.4193,0,0,0,0.40476190476190477,industrial
DL002,28.8228,77.0943,2024-11-17 08:00:00+00:00,435.0,2.2,324.9,19.3,62.6,0.0019073486,1167.291,988.3148,0,0,0,0.40476190476190477,industrial
DL002,28.8228,77.0943,2024-11-17 09:00:00+00:00,435.0,2.0,319.1,20.7,57.4,0.0,1364.5211,987.7372,0,0,0,0.40476190476190477,industrial
DL002,28.8228,77.0943,2024-11-17 10:00:00+00:00,435.0,2.0,309.6,21.9,52.3,0.0,1314.4904,987.3733,0,0,0,0.40476190476190477,industrial
DL002,28.8228,77.0943,2024-11-17 11:00:00+00:00,435.0,2.2,305.0,23.0,47.8,0.0,1337.4452,987.5915,0,0,0,0.40476190476190477,industrial
DL002,28.8228,77.0943,2024-11-17 12:00:00+00:00,435.0,2.6,309.6,24.0,44.1,0.0,188.15703,987.8239,0,0,0,0.40476190476190477,industrial
DL002,28.8228,77.0943,2024-11-17 13:00:00+00:00,435.0,3.0,319.2,24.6,41.5,0.0,122.25092,988.09546,0,0,0,0.40476190476190477,industrial
DL002,28.8228,77.0943,2024-11-17 14:00:00+00:00,470.0,3.3,324.9,25.0,40.2,0.0,96.21279,988.88654,0,0,0,0.40476190476190477,industrial
DL002,28.8228,77.0943,2024-11-17 15:00:00+00:00,470.0,3.6,321.5,25.0,40.2,0.0,94.866104,989.3717,0,0,0,0.40476190476190477,industrial
DL002,28.8228,77.0943,2024-11-17 16:00:00+00:00,435.0,3.6,312.1,24.6,41.5,0.0,83.20591,989.3078,0,0,0,0.40476190476190477,industrial
DL002,28.8228,77.0943,2024-11-17 17:00:00+00:00,435.0,3.4,305.4,24.0,44.1,0.0,78.188965,989.49097,0,0,0,0.40476190476190477,industrial
DL002,28.8228,77.0943,2024-11-17 18:00:00+00:00,435.0,3.1,307.5,23.0,47.8,0.0,80.9887,989.4521,0,0,0,0.40476190476190477,industrial
DL002,28.8228,77.0943,2024-11-17 19:00:00+00:00,435.0,2.7,316.5,21.9,52.3,0.0,86.33738,989.34576,0,0,0,0.40476190476190477,industrial
DL002,28.8228,77.0943,2024-11-17 20:00:00+00:00,435.0,2.4,324.1,20.7,57.4,0.0,82.92178,989.2062,0,0,0,0.40476190476190477,industrial
DL002,28.8228,77.0943,2024-11-17 21:00:00+00:00,435.0,2.1,323.4,19.3,62.6,0.0,85.817955,988.9892,0,0,0,0.40476190476190477,industrial
DL002,28.8228,77.0943,2024-11-17 22:00:00+00:00,435.0,2.0,314.9,18.1,67.7,0.0,96.695435,989.3882,0,0,0,0.40476190476190477,industrial
DL002,28.8228,77.0943,2024-11-17 23:00:00+00:00,435.0,2.1,306.5,17.0,72.2,0.0,107.14643,989.39966,0,0,0,0.40476190476190477,industrial
DL002,28.8228,77.0943,2024-11-18 00:00:00+00:00,495.0,2.8,315.0,16.0,75.9,0.0,95.69155,989.8675,0,0,0,0.40476190476190477,industrial
DL002,28.8228,77.0943,2024-11-18 01:00:00+00:00,496.0,3.2,323.4,15.4,78.5,0.0,87.804245,990.01794,0,0,0,0.40476190476190477,industrial
DL002,28.8228,77.0943,2024-11-18 02:00:00+00:00,497.0,3.5,324.1,15.0,79.8,0.0,113.95489,990.6794,0,0,0,0.40476190476190477,industrial
DL002,28.8228,77.0943,2024-11-18 03:00:00+00:00,498.0,3.6,316.4,15.0,79.8,0.0,196.0047,991.6531,0,0,0,0.40476190476190477,industrial
DL002,28.8228,77.0943,2024-11-18 04:00:00+00:00,499.0,3.5,307.4,15.4,78.5,0.0,380.79556,992.3059,0,0,0,0.40476190476190477,industrial
DL002,28.8228,77.0943,2024-11-18 05:00:00+00:00,495.0,3.3,305.4,16.0,75.9,0.0,852.6443,992.28064,0,0,0,0.40476190476190477,industrial
DL002,28.8228,77.0943,2024-11-18 06:00:00+00:00,496.0,2.9,312.2,17.0,72.2,0.0,1048.3978,991.7865,0,0,0,0.40476190476190477,industrial
DL002,28.8228,77.0943,2024-11-18 07:00:00+00:00,497.0,2.5,321.6,18.1,67.7,0.0,1203.1729,990.94946,0,0,0,0.40476190476190477,industrial
DL002,28.8228,77.0943,2024-11-18 08:00:00+00:00,498.0,2.2,324.9,19.3,62.6,0.0,1289.8865,989.9175,0,0,0,0.40476190476190477,industrial
DL002,28.8228,77.0943,2024-11-18 09:00:00+00:00,499.0,2.0,319.1,20.7,57.4,0.0,1352.3722,989.4075,0,0,0,0.40476190476190477,industrial
DL002,28.8228,77.0943,2024-11-18 10:00:00+00:00,495.0,2.0,309.6,21.9,52.3,0.0,1420.2477,989.0389,0,0,0,0.40476190476190477,industrial
DL002,28.8228,77.0943,2024-11-18 11:00:00+00:00,496.0,2.2,305.0,23.0,47.8,0.0,1361.6396,988.9989,0,0,0,0.40476190476190477,industrial
DL002,28.8228,77.0943,2024-11-18 12:00:00+00:00,497.0,2.6,309.6,24.0,44.1,0.0,135.93161,989.08844,0,0,0,0.40476190476190477,industrial
DL002,28.8228,77.0943,2024-11-18 13:00:00+00:00,498.0,3.0,319.2,24.6,41.5,0.0,58.190258,989.4473,0,0,0,0.40476190476190477,industrial
DL002,28.8228,77.0943,2024-11-18 14:00:00+00:00,499.0,3.3,324.9,25.0,40.2,0.0,42.190914,989.96014,0,0,0,0.40476190476190477,industrial
DL002,28.8228,77.0943,2024-11-18 15:00:00+00:00,495.0,3.6,321.5,25.0,40.2,0.0,36.155643,990.37164,0,0,0,0.40476190476190477,industrial
DL002,28.8228,77.0943,2024-11-18 16:00:00+00:00,496.0,3.6,312.1,24.6,41.5,0.0,35.323723,990.651,0,0,0,0.40476190476190477,industrial
DL002,28.8228,77.0943,2024-11-18 17:00:00+00:00,497.0,3.4,305.4,24.0,44.1,0.0,37.01905,990.757,0,0,0,0.40476190476190477,industrial
DL002,28.8228,77.0943,2024-11-18 18:00:00+00:00,498.0,3.1,307.5,23.0,47.8,0.0,40.996517,990.9355,0,0,0,0.40476190476190477,industrial
DL002,28.8228,77.0943,2024-11-18 19:00:00+00:00,499.0,2.7,316.5,21.9,52.3,0.0,46.08108,990.5723,0,0,0,0.40476190476190477,industrial
DL002,28.8228,77.0943,2024-11-18 20:00:00+00:00,495.0,2.4,324.1,20.7,57.4,0.0,51.08931,990.5033,0,0,0,0.40476190476190477,industrial
DL002,28.8228,77.0943,2024-11-18 21:00:00+00:00,496.0,2.1,323.4,19.3,62.6,0.0,56.794746,990.3683,0,0,0,0.40476190476190477,industrial
DL002,28.8228,77.0943,2024-11-18 22:00:00+00:00,497.0,2.0,314.9,18.1,67.7,0.0,60.172783,990.71936,0,0,0,0.40476190476190477,industrial
DL002,28.8228,77.0943,2024-11-18 23:00:00+00:00,498.0,2.1,306.5,17.0,72.2,0.0,60.493877,990.6955,0,0,0,0.40476190476190477,industrial
DL003,28.7972,77.0589,2024-11-13 00:00:00+00:00,200.0,1.5,110.0,16.0,75.9,0.0,62.200283,987.0775,0,0,0,0.2857142857142857,agricultural
DL003,28.7972,77.0589,2024-11-13 01:00:00+00:00,200.0,1.7,122.6,15.4,78.5,0.0,55.61891,987.6186,0,0,0,0.2857142857142857,agricultural
DL003,28.7972,77.0589,2024-11-13 02:00:00+00:00,200.0,1.9,123.6,15.0,79.8,0.0,70.261986,988.39844,0,0,0,0.2857142857142857,agricultural
DL003,28.7972,77.0589,2024-11-13 03:00:00+00:00,235.0,2.0,112.1,15.0,79.8,0.0,150.99022,989.4355,0,0,0,0.2857142857142857,agricultural
DL003,28.7972,77.0589,2024-11-13 04:00:00+00:00,235.0,2.0,98.6,15.4,78.5,0.0,337.56308,989.70404,0,0,0,0.2857142857142857,agricultural
DL003,28.7972,77.0589,2024-11-13 05:00:00+00:00,200.0,1.8,95.6,16.0,75.9,0.0,733.6329,989.59644,0,0,0,0.2857142857142857,agricultural
DL003,28.7972,77.0589,2024-11-13 06:00:00+00:00,200.0,1.6,105.8,17.0,72.2,0.0,898.6447,989.1166,0,0,0,0.2857142857142857,agricultural
DL003,28.7972,77.0589,2024-11-13 07:00:00+00:00,200.0,1.3,119.9,18.1,67.7,0.0,1039.4076,988.3881,0,0,0,0.2857142857142857,agricultural
DL003,28.7972,77.0589,2024-11-13 08:00:00+00:00,200.0,1.1,124.8,19.3,62.6,0.0,1122.5946,987.12897,0,0,0,0.2857142857142857,agricultural
DL003,28.7972,77.0589,2024-11-13 09:00:00+00:00,200.0,1.0,116.2,20.7,57.4,0.0,1173.7269,986.51154,0,0,0,0.2857142857142857,agricultural
DL003,28.7972,77.0589,2024-11-13 10:00:00+00:00,200.0,1.0,101.8,21.9,52.3,0.0,1123.7363,986.3223,0,0,0,0.2857142857142857,agricultural
DL003,28.7972,77.0589,2024-11-13 11:00:00+00:00,200.0,1.1,95.0,23.0,47.8,0.0,1042.692,986.2386,0,0,0,0.2857142857142857,agricultural
DL003,28.7972,77.0589,2024-11-13 12:00:00+00:00,200.0,1.4,102.0,24.0,44.1,0.0,124.80289,986.39575,0,0,0,0.2857142857142857,agricultural
DL003,28.7972,77.0589,2024-11-13 13:00:00+00:00,200.0,1.6,116.3,24.6,41.5,0.0,50.982555,986.8098,0,0,0,0.2857142857142857,agricultural
DL003,28.7972,77.0589,2024-11-13 14:00:00+00:00,235.0,1.8,124.9,25.0,40.2,0.0,28.411934,987.47186,0,0,0,0.2857142857142857,agricultural
DL003,28.7972,77.0589,2024-11-13 15:00:00+00:00,235.0,2.0,119.8,25.0,40.2,0.0,17.727798,988.125,0,0,0,0.2857142857142857,agricultural
DL003,28.7972,77.0589,2024-11-13 16:00:00+00:00,200.0,2.0,105.7,24.6,41.5,0.0,13.666261,988.25745,0,0,0,0.2857142857142857,agricultural
DL003,28.7972,77.0589,2024-11-13 17:00:00+00:00,200.0,1.9,95.6,24.0,44.1,0.0,13.846311,988.61304,0,0,0,0.2857142857142857,agricultural
DL003,28.7972,77.0589,2024-11-13 18:00:00+00:00,200.0,1.7,98.7,23.0,47.8,0.0,14.861394,988.58655,0,0,0,0.2857142857142857,agricultural
DL003,28.7972,77.0589,2024-11-13 19:00:00+00:00,200.0,1.5,112.2,21.9,52.3,0.0,15.352673,988.527,0,0,0,0.2857142857142857,agricultural
DL003,28.7972,77.0589,2024-11-13 20:00:00+00:00,200.0,1.2,123.7,20.7,57.4,0.0,15.304238,988.4316,0,0,0,0.2857142857142857,agricultural
DL003,28.7972,77.0589,2024-11-13 21:00:00+00:00,200.0,1.1,122.5,19.3,62.6,0.0,14.278383,988.1357,0,0,0,0.2857142857142857,agricultural
DL003,28.7972,77.0589,2024-11-13 22:00:00+00:00,200.0,1.0,109.9,18.1,67.7,0.0,13.600686,988.7333,0,0,0,0.2857142857142857,agricultural
DL003,28.7972,77.0589,2024-11-13 23:00:00+00:00,200.0,1.1,97.3,17.0,72.2,0.0,13.367956,988.4933,0,0,0,0.2857142857142857,agricultural
DL003,28.7972,77.0589,2024-11-14 00:00:00+00:00,215.0,1.5,110.0,16.0,75.9,0.0,16.576462,989.21423,0,0,0,0.2857142857142857,agricultural
DL003,28.7972,77.0589,2024-11-14 01:00:00+00:00,215.0,1.7,122.6,15.4,78.5,0.0,20.335804,989.73944,0,0,0,0.2857142857142857,agricultural
DL003,28.7972,77.0589,2024-11-14 02:00:00+00:00,215.0,1.9,123.6,15.0,79.8,0.0,37.059647,990.827,0,0,0,0.2857142857142857,agricultural
DL003,28.7972,77.0589,2024-11-14 03:00:00+00:00,250.0,2.0,112.1,15.0,79.8,0.0,49.296062,991.4636,0,0,0,0.2857142857142857,agricultural
DL003,28.7972,77.0589,2024-11-14 04:00:00+00:00,250.0,2.0,98.6,15.4,78.5,0.0,183.60616,992.0304,0,0,0,0.2857142857142857,agricultural
DL003,28.7972,77.0589,2024-11-14 05:00:00+00:00,215.0,1.8,95.6,16.0,75.9,0.0,453.5642,992.15466,0,0,0,0.2857142857142857,agricultural
DL003,28.7972,77.0589,2024-11-14 06:00:00+00:00,215.0,1.6,105.8,17.0,72.2,0.0,718.11847,991.61487,0,0,0,0.2857142857142857,agricultural
DL003,28.7972,77.0589,2024-11-14 07:00:00+00:00,215.0,1.3,119.9,18.1,67.7,0.0,1052.0186,990.77075,0,0,0,0.2857142857142857,agricultural
DL003,28.7972,77.0589,2024-11-14 08:00:00+00:00,215.0,1.1,124.8,19.3,62.6,0.0,1344.9775,989.6172,0,0,0,0.2857142857142857,agricultural
DL003,28.7972,77.0589,2024-11-14 09:00:00+00:00,215.0,1.0,116.2,20.7,57.4,0.0,1682.5568,988.9539,0,0,0,0.2857142857142857,agricultural
DL003,28.7972,77.0589,2024-11-14 10:00:00+00:00,215.0,1.0,101.8,21.9,52.3,0.0,1486.0703,988.4525,0,0,0,0.2857142857142857,agricultural
DL003,28.7972,77.0589,2024-11-14 11:00:00+00:00,215.0,1.1,95.0,23.0,47.8,0.0,1055.9856,988.47876,0,0,0,0.2857142857142857,agricultural
DL003,28.7972,77.0589,2024-11-14 12:00:00+00:00,215.0,1.4,102.0,24.0,44.1,0.0,53.83575,988.4188,0,0,0,0.2857142857142857,agricultural
DL003,28.7972,77.0589,2024-11-14 13:00:00+00:00,215.0,1.6,116.3,24.6,41.5,0.0,41.149208,988.8292,0,0,0,0.2857142857142857,agricultural
DL003,28.7972,77.0589,2024-11-14 14:00:00+00:00,250.0,1.8,124.9,25.0,40.2,0.0,37.898655,989.43756,0,0,0,0.2857142857142857,agricultural
DL003,28.7972,77.0589,2024-11-14 15:00:00+00:00,250.0,2.0,119.8,25.0,40.2,0.0,36.45096,989.8869,0,0,0,0.2857142857142857,agricultural
DL003,28.7972,77.0589,2024-11-14 16:00:00+00:00,215.0,2.0,105.7,24.6,41.5,0.0,35.7233,989.83716,0,0,0,0.2857142857142857,agricultural
DL003,28.7972,77.0589,2024-11-14 17:00:00+00:00,215.0,1.9,95.6,24.0,44.1,0.0,34.885284,989.96655,0,0,0,0.2857142857142857,agricultural
DL003,28.7972,77.0589,2024-11-14 18:00:00+00:00,215.0,1.7,98.7,23.0,47.8,0.0,30.570715,989.93646,0,0,0,0.2857142857142857,agricultural
DL003,28.7972,77.0589,2024-11-14 19:00:00+00:00,215.0,1.5,112.2,21.9,52.3,0.0,25.50238,989.59406,0,0,0,0.2857142857142857,agricultural
DL003,28.7972,77.0589,2024-11-14 20:00:00+00:00,215.0,1.2,123.7,20.7,57.4,0.0,19.755016,989.5158,0,0,0,0.2857142857142857,agricultural
DL003,28.7972,77.0589,2024-11-14 21:00:00+00:00,215.0,1.1,122.5,19.3,62.6,0.0,14.397632,988.9959,0,0,0,0.2857142857142857,agricultural
DL003,28.7972,77.0589,2024-11-14 22:00:00+00:00,215.0,1.0,109.9,18.1,67.7,0.0,18.708763,989.1948,0,0,0,0.2857142857142857,agricultural
DL003,28.7972,77.0589,2024-11-14 23:00:00+00:00,215.0,1.1,97.3,17.0,72.2,0.0,19.494255,989.11414,0,0,0,0.2857142857142857,agricultural
DL003,28.7972,77.0589,2024-11-15 00:00:00+00:00,230.0,1.5,110.0,16.0,75.9,0.0,16.714397,989.3881,0,0,0,0.2857142857142857,agricultural
DL003,28.7972,77.0589,2024-11-15 01:00:00+00:00,230.0,1.7,122.6,15.4,78.5,0.0,22.328339,989.66797,0,0,0,0.2857142857142857,agricultural
DL003,28.7972,77.0589,2024-11-15 02:00:00+00:00,230.0,1.9,123.6,15.0,79.8,0.0,26.128084,990.3814,0,0,0,0.2857142857142857,agricultural
DL003,28.7972,77.0589,2024-11-15 03:00:00+00:00,265.0,2.0,112.1,15.0,79.8,0.0,34.754395,990.9254,0,0,0,0.2857142857142857,agricultural
DL003,28.7972,77.0589,2024-11-15 04:00:00+00:00,265.0,2.0,98.6,15.4,78.5,0.0,170.5836,991.2024,0,0,0,0.2857142857142857,agricultural
DL003,28.7972,77.0589,2024-11-15 05:00:00+00:00,230.0,1.8,95.6,16.0,75.9,0.0,453.20728,991.12146,0,0,0,0.2857142857142857,agricultural
DL003,28.7972,77.0589,2024-11-15 06:00:00+00:00,230.0,1.6,105.8,17.0,72.2,0.0,807.8661,990.61743,0,0,0,0.2857142857142857,agricultural
DL003,28.7972,77.0589,2024-11-15 07:00:00+00:00,230.0,1.3,119.9,18.1,67.7,0.002861023,1326.5776,989.52856,0,0,0,0.2857142857142857,agricultural
DL003,28.7972,77.0589,2024-11-15 08:00:00+00:00,230.0,1.1,124.8,19.3,62.6,0.0,1611.1676,988.59106,0,0,0,0.2857142857142857,agricultural
DL003,28.7972,77.0589,2024-11-15 09:00:00+00:00,230.0,1.0,116.2,20.7,57.4,0.0,1659.9059,987.7802,0,0,0,0.2857142857142857,agricultural
DL003,28.7972,77.0589,2024-11-15 10:00:00+00:00,230.0,1.0,101.8,21.9,52.3,0.0,1412.3611,987.36096,0,0,0,0.2857142857142857,agricultural
DL003,28.7972,77.0589,2024-11-15 11:00:00+00:00,230.0,1.1,95.0,23.0,47.8,0.0,1057.5577,986.98865,0,0,0,0.2857142857142857,agricultural
DL003,28.7972,77.0589,2024-11-15 12:00:00+00:00,230.0,1.4,102.0,24.0,44.1,0.0,143.64278,987.0318,0,0,0,0.2857142857142857,agricultural
DL003,28.7972,77.0589,2024-11-15 13:00:00+00:00,230.0,1.6,116.3,24.6,41.5,0.0,76.037384,987.53406,0,0,0,0.2857142857142857,agricultural
DL003,28.7972,77.0589,2024-11-15 14:00:00+00:00,265.0,1.8,124.9,25.0,40.2,0.0,60.533924,987.8194,0,0,0,0.2857142857142857,agricultural
DL003,28.7972,77.0589,2024-11-15 15:00:00+00:00,265.0,2.0,119.8,25.0,40.2,0.0,59.207535,988.2432,0,0,0,0.2857142857142857,agricultural
DL003,28.7972,77.0589,2024-11-15 16:00:00+00:00,230.0,2.0,105.7,24.6,41.5,0.0,60.95532,988.4172,0,0,0,0.2857142857142857,agricultural
DL003,28.7972,77.0589,2024-11-15 17:00:00+00:00,230.0,1.9,95.6,24.0,44.1,0.0,56.151447,988.3989,0,0,0,0.2857142857142857,agricultural
DL003,28.7972,77.0589,2024-11-15 18:00:00+00:00,230.0,1.7,98.7,23.0,47.8,0.0,53.174393,988.3136,0,0,0,0.2857142857142857,agricultural
DL003,28.7972,77.0589,2024-11-15 19:00:00+00:00,230.0,1.5,112.2,21.9,52.3,0.0,49.382294,988.19104,0,0,0,0.2857142857142857,agricultural
DL003,28.7972,77.0589,2024-11-15 20:00:00+00:00,230.0,1.2,123.7,20.7,57.4,0.0,44.542625,988.22125,0,0,0,0.2857142857142857,agricultural
DL003,28.7972,77.0589,2024-11-15 21:00:00+00:00,230.0,1.1,122.5,19.3,62.6,0.0,41.077442,987.8292,0,0,0,0.2857142857142857,agricultural
DL003,28.7972,77.0589,2024-11-15 22:00:00+00:00,230.0,1.0,109.9,18.1,67.7,0.0,24.375755,988.02814,0,0,0,0.2857142857142857,agricultural
DL003,28.7972,77.0589,2024-11-15 23:00:00+00:00,230.0,1.1,97.3,17.0,72.2,0.0,23.233135,987.5411,0,0,0,0.2857142857142857,agricultural
DL003,28.7972,77.0589,2024-11-16 00:00:00+00:00,245.0,1.2,200.0,16.0,75.9,0.0,26.948704,987.6813,0,0,0,0.2857142857142857,agricultural
DL003,28.7972,77.0589,2024-11-16 01:00:00+00:00,245.0,1.3,225.2,15.4,78.5,0.0,27.322538,988.0458,0,0,0,0.2857142857142857,agricultural
DL003,28.7972,77.0589,2024-11-16 02:00:00+00:00,245.0,1.5,227.3,15.0,79.8,0.0,27.07118,988.2686,0,0,0,0.2857142857142857,agricultural
DL003,28.7972,77.0589,2024-11-16 03:00:00+00:00,280.0,1.5,204.2,15.0,79.8,0.0,82.55231,989.0668,0,0,0,0.2857142857142857,agricultural
DL003,28.7972,77.0589,2024-11-16 04:00:00+00:00,280.0,1.5,177.3,15.4,78.5,0.0,306.6646,989.4425,0,0,0,0.2857142857142857,agricultural
DL003,28.7972,77.0589,2024-11-16 05:00:00+00:00,245.0,1.4,171.2,16.0,75.9,0.0,571.49097,989.4394,0,0,0,0.2857142857142857,agricultural
DL003,28.7972,77.0589,2024-11-16 06:00:00+00:00,245.0,1.2,191.6,17.0,72.2,0.0,818.8315,989.32916,0,0,0,0.2857142857142857,agricultural
DL003,28.7972,77.0589,2024-11-16 07:00:00+00:00,245.0,1.1,219.7,18.1,67.7,0.0,999.0567,988.2849,0,0,0,0.2857142857142857,agricultural
DL003,28.7972,77.0589,2024-11-16 08:00:00+00:00,245.0,1.0,229.7,19.3,62.6,0.0,1176.5836,987.08484,0,0,0,0.2857142857142857,agricultural
DL003,28.7972,77.0589,2024-11-16 09:00:00+00:00,245.0,0.9,212.4,20.7,57.4,0.0,1437.8286,986.6179,0,0,0,0.2857142857142857,agricultural
DL003,28.7972,77.0589,2024-11-16 10:00:00+00:00,245.0,0.9,183.7,21.9,52.3,0.0,1384.6788,986.08014,0,0,0,0.2857142857142857,agricultural
DL003,28.7972,77.0589,2024-11-16 11:00:00+00:00,245.0,1.0,170.0,23.0,47.8,0.0,871.0754,985.8017,0,0,0,0.2857142857142857,agricultural
DL003,28.7972,77.0589,2024-11-16 12:00:00+00:00,245.0,1.1,183.9,24.0,44.1,0.0,68.2098,986.14905,0,0,0,0.2857142857142857,agricultural
DL003,28.7972,77.0589,2024-11-16 13:00:00+00:00,245.0,1.3,212.6,24.6,41.5,0.0,33.736664,986.4386,0,0,0,0.2857142857142857,agricultural
DL003,28.7972,77.0589,2024-11-16 14:00:00+00:00,280.0,1.4,229.7,25.0,40.2,0.0,35.290405,987.19763,0,0,0,0.2857142857142857,agricultural
DL003,28.7972,77.0589,2024-11-16 15:00:00+00:00,280.0,1.5,219.5,25.0,40.2,0.0,52.707954,987.96436,0,0,0,0.2857142857142857,agricultural
DL003,28.7972,77.0589,2024-11-16 16:00:00+00:00,245.0,1.5,191.4,24.6,41.5,0.0,63.95921,988.33594,0,0,0,0.2857142857142857,agricultural
DL003,28.7972,77.0589,2024-11-16 17:00:00+00:00,245.0,1.4,171.2,24.0,44.1,0.0,62.550343,988.3605,0,0,0,0.2857142857142857,agricultural
DL003,28.7972,77.0589,2024-11-16 18:00:00+00:00,245.0,1.3,177.5,23.0,47.8,0.0,54.90514,988.27423,0,0,0,0.2857142857142857,agricultural
DL003,28.7972,77.0589,2024-11-16 19:00:00+00:00,245.0,1.2,204.5,21.9,52.3,0.0,42.80805,988.06995,0,0,0,0.2857142857142857,agricultural
DL003,28.7972,77.0589,2024-11-16 20:00:00+00:00,245.0,1.0,227.4,20.7,57.4,0.0,34.16648,987.90594,0,0,0,0.2857142857142857,agricultural
DL003,28.7972,77.0589,2024-11-16 21:00:00+00:00,245.0,0.9,225.1,19.3,62.6,0.0,32.975517,987.6345,0,0,0,0.2857142857142857,agricultural
DL003,28.7972,77.0589,2024-11-16 22:00:00+00:00,245.0,0.9,199.7,18.1,67.7,0.0,32.512524,987.71875,0,0,0,0.2857142857142857,agricultural
DL003,28.7972,77.0589,2024-11-16 23:00:00+00:00,245.0,0.9,174.6,17.0,72.2,0.0,35.699345,987.4945,0,0,0,0.2857142857142857,agricultural
DL003,28.7972,77.0589,2024-11-17 00:00:00+00:00,410.0,2.8,315.0,16.0,75.9,0.0,40.315384,988.068,0,0,0,0.2857142857142857,agricultural
DL003,28.7972,77.0589,2024-11-17 01:00:00+00:00,410.0,3.2,323.4,15.4,78.5,0.0,45.75567,988.16766,0,0,0,0.2857142857142857,agricultural
DL003,28.7972,77.0589,2024-11-17 02:00:00+00:00,410.0,3.5,324.1,15.0,79.8,0.0,75.13696,988.9007,0,0,0,0.2857142857142857,agricultural
DL003,28.7972,77.0589,2024-11-17 03:00:00+00:00,445.0,3.6,316.4,15.0,79.8,0.0,142.84407,989.80396,0,0,0,0.2857142857142857,agricultural
DL003,28.7972,77.0589,2024-11-17 04:00:00+00:00,445.0,3.5,307.4,15.4,78.5,0.0,264.20236,990.2791,0,0,0,0.2857142857142857,agricultural
DL003,28.7972,77.0589,2024-11-17 05:00:00+00:00,410.0,3.3,305.4,16.0,75.9,0.0,469.81903,990.33936,0,0,0,0.2857142857142857,agricultural
DL003,28.7972,77.0589,2024-11-17 06:00:00+00:00,410.0,2.9,312.2,17.0,72.2,0.00333786,724.1823,990.08203,0,0,0,0.2857142857142857,agricultural
DL003,28.7972,77.0589,2024-11-17 07:00:00+00:00,410.0,2.5,321.6,18.1,67.7,0.04196167,982.09827,989.4193,0,0,0,0.2857142857142857,agricultural
DL003,28.7972,77.0589,2024-11-17 08:00:00+00:00,410.0,2.2,324.9,19.3,62.6,0.0019073486,1167.291,988.3148,0,0,0,0.2857142857142857,agricultural
DL003,28.7972,77.0589,2024-11-17 09:00:00+00:00,410.0,2.0,319.1,20.7,57.4,0.0,1364.5211,987.7372,0,0,0,0.2857142857142857,agricultural
DL003,28.7972,77.0589,2024-11-17 10:00:00+00:00,410.0,2.0,309.6,21.9,52.3,0.0,1314.4904,987.3733,0,0,0,0.2857142857142857,agricultural
DL003,28.7972,77.0589,2024-11-17 11:00:00+00:00,410.0,2.2,305.0,23.0,47.8,0.0,1337.4452,987.5915,0,0,0,0.2857142857142857,agricultural
DL003,28.7972,77.0589,2024-11-17 12:00:00+00:00,410.0,2.6,309.6,24.0,44.1,0.0,188.15703,987.8239,0,0,0,0.2857142857142857,agricultural
DL003,28.7972,77.0589,2024-11-17 13:00:00+00:00,410.0,3.0,319.2,24.6,41.5,0.0,122.25092,988.09546,0,0,0,0.2857142857142857,agricultural
DL003,28.7972,77.0589,2024-11-17 14:00:00+00:00,445.0,3.3,324.9,25.0,40.2,0.0,96.21279,988.88654,0,0,0,0.2857142857142857,agricultural
DL003,28.7972,77.0589,2024-11-17 15:00:00+00:00,445.0,3.6,321.5,25.0,40.2,0.0,94.866104,989.3717,0,0,0,0.2857142857142857,agricultural
DL003,28.7972,77.0589,2024-11-17 16:00:00+00:00,410.0,3.6,312.1,24.6,41.5,0.0,83.20591,989.3078,0,0,0,0.2857142857142857,agricultural
DL003,28.7972,77.0589,2024-11-17 17:00:00+00:00,410.0,3.4,305.4,24.0,44.1,0.0,78.188965,989.49097,0,0,0,0.2857142857142857,agricultural
DL003,28.7972,77.0589,2024-11-17 18:00:00+00:00,410.0,3.1,307.5,23.0,47.8,0.0,80.9887,989.4521,0,0,0,0.2857142857142857,agricultural
DL003,28.7972,77.0589,2024-11-17 19:00:00+00:00,410.0,2.7,316.5,21.9,52.3,0.0,86.33738,989.34576,0,0,0,0.2857142857142857,agricultural
DL003,28.7972,77.0589,2024-11-17 20:00:00+00:00,410.0,2.4,324.1,20.7,57.4,0.0,82.92178,989.2062,0,0,0,0.2857142857142857,agricultural
DL003,28.7972,77.0589,2024-11-17 21:00:00+00:00,410.0,2.1,323.4,19.3,62.6,0.0,85.817955,988.9892,0,0,0,0.2857142857142857,agricultural
DL003,28.7972,77.0589,2024-11-17 22:00:00+00:00,410.0,2.0,314.9,18.1,67.7,0.0,96.695435,989.3882,0,0,0,0.2857142857142857,agricultural
DL003,28.7972,77.0589,2024-11-17 23:00:00+00:00,410.0,2.1,306.5,17.0,72.2,0.0,107.14643,989.39966,0,0,0,0.2857142857142857,agricultural
DL003,28.7972,77.0589,2024-11-18 00:00:00+00:00,495.0,2.8,315.0,16.0,75.9,0.0,95.69155,989.8675,0,0,0,0.2857142857142857,agricultural
DL003,28.7972,77.0589,2024-11-18 01:00:00+00:00,495.0,3.2,323.4,15.4,78.5,0.0,87.804245,990.01794,0,0,0,0.2857142857142857,agricultural
DL003,28.7972,77.0589,2024-11-18 02:00:00+00:00,495.0,3.5,324.1,15.0,79.8,0.0,113.95489,990.6794,0,0,0,0.2857142857142857,agricultural
DL003,28.7972,77.0589,2024-11-18 03:00:00+00:00,498.0,3.6,316.4,15.0,79.8,0.0,196.0047,991.6531,0,0,0,0.2857142857142857,agricultural
DL003,28.7972,77.0589,2024-11-18 04:00:00+00:00,499.0,3.5,307.4,15.4,78.5,0.0,380.79556,992.3059,0,0,0,0.2857142857142857,agricultural
DL003,28.7972,77.0589,2024-11-18 05:00:00+00:00,495.0,3.3,305.4,16.0,75.9,0.0,852.6443,992.28064,0,0,0,0.2857142857142857,agricultural
DL003,28.7972,77.0589,2024-11-18 06:00:00+00:00,495.0,2.9,312.2,17.0,72.2,0.0,1048.3978,991.7865,0,0,0,0.2857142857142857,agricultural
DL003,28.7972,77.0589,2024-11-18 07:00:00+00:00,495.0,2.5,321.6,18.1,67.7,0.0,1203.1729,990.94946,0,0,0,0.2857142857142857,agricultural
DL003,28.7972,77.0589,2024-11-18 08:00:00+00:00,495.0,2.2,324.9,19.3,62.6,0.0,1289.8865,989.9175,0,0,0,0.2857142857142857,agricultural
DL003,28.7972,77.0589,2024-11-18 09:00:00+00:00,495.0,2.0,319.1,20.7,57.4,0.0,1352.3722,989.4075,0,0,0,0.2857142857142857,agricultural
DL003,28.7972,77.0589,2024-11-18 10:00:00+00:00,495.0,2.0,309.6,21.9,52.3,0.0,1420.2477,989.0389,0,0,0,0.2857142857142857,agricultural
DL003,28.7972,77.0589,2024-11-18 11:00:00+00:00,495.0,2.2,305.0,23.0,47.8,0.0,1361.6396,988.9989,0,0,0,0.2857142857142857,agricultural
DL003,28.7972,77.0589,2024-11-18 12:00:00+00:00,495.0,2.6,309.6,24.0,44.1,0.0,135.93161,989.08844,0,0,0,0.2857142857142857,agricultural
DL003,28.7972,77.0589,2024-11-18 13:00:00+00:00,495.0,3.0,319.2,24.6,41.5,0.0,58.190258,989.4473,0,0,0,0.2857142857142857,agricultural
DL003,28.7972,77.0589,2024-11-18 14:00:00+00:00,499.0,3.3,324.9,25.0,40.2,0.0,42.190914,989.96014,0,0,0,0.2857142857142857,agricultural
DL003,28.7972,77.0589,2024-11-18 15:00:00+00:00,495.0,3.6,321.5,25.0,40.2,0.0,36.155643,990.37164,0,0,0,0.2857142857142857,agricultural
DL003,28.7972,77.0589,2024-11-18 16:00:00+00:00,495.0,3.6,312.1,24.6,41.5,0.0,35.323723,990.651,0,0,0,0.2857142857142857,agricultural
DL003,28.7972,77.0589,2024-11-18 17:00:00+00:00,495.0,3.4,305.4,24.0,44.1,0.0,37.01905,990.757,0,0,0,0.2857142857142857,agricultural
DL003,28.7972,77.0589,2024-11-18 18:00:00+00:00,495.0,3.1,307.5,23.0,47.8,0.0,40.996517,990.9355,0,0,0,0.2857142857142857,agricultural
DL003,28.7972,77.0589,2024-11-18 19:00:00+00:00,495.0,2.7,316.5,21.9,52.3,0.0,46.08108,990.5723,0,0,0,0.2857142857142857,agricultural
DL003,28.7972,77.0589,2024-11-18 20:00:00+00:00,495.0,2.4,324.1,20.7,57.4,0.0,51.08931,990.5033,0,0,0,0.2857142857142857,agricultural
DL003,28.7972,77.0589,2024-11-18 21:00:00+00:00,495.0,2.1,323.4,19.3,62.6,0.0,56.794746,990.3683,0,0,0,0.2857142857142857,agricultural
DL003,28.7972,77.0589,2024-11-18 22:00:00+00:00,495.0,2.0,314.9,18.1,67.7,0.0,60.172783,990.71936,0,0,0,0.2857142857142857,agricultural
DL003,28.7972,77.0589,2024-11-18 23:00:00+00:00,495.0,2.1,306.5,17.0,72.2,0.0,60.493877,990.6955,0,0,0,0.2857142857142857,agricultural
DL004,28.566,77.1866,2024-11-13 00:00:00+00:00,180.0,1.5,110.0,16.0,75.9,0.0,70.45028,986.7475,0,0,0,0.6666666666666666,residential
DL004,28.566,77.1866,2024-11-13 01:00:00+00:00,180.0,1.7,122.6,15.4,78.5,0.0,61.99391,987.2886,0,0,0,0.6666666666666666,residential
DL004,28.566,77.1866,2024-11-13 02:00:00+00:00,180.0,1.9,123.6,15.0,79.8,0.0,76.636986,988.01843,0,0,0,0.6666666666666666,residential
DL004,28.566,77.1866,2024-11-13 03:00:00+00:00,215.0,2.0,112.1,15.0,79.8,0.0,154.99022,989.0655,0,0,0,0.6666666666666666,residential
DL004,28.566,77.1866,2024-11-13 04:00:00+00:00,215.0,2.0,98.6,15.4,78.5,0.0,341.31308,989.3641,0,0,0,0.6666666666666666,residential
DL004,28.566,77.1866,2024-11-13 05:00:00+00:00,180.0,1.8,95.6,16.0,75.9,0.0,731.0079,989.2464,0,0,0,0.6666666666666666,residential
DL004,28.566,77.1866,2024-11-13 06:00:00+00:00,180.0,1.6,105.8,17.0,72.2,0.0,897.6447,988.71655,0,0,0,0.6666666666666666,residential
DL004,28.566,77.1866,2024-11-13 07:00:00+00:00,180.0,1.3,119.9,18.1,67.7,0.0,1047.9076,987.9581,0,0,0,0.6666666666666666,residential
DL004,28.566,77.1866,2024-11-13 08:00:00+00:00,180.0,1.1,124.8,19.3,62.6,0.0,1155.4696,986.719,0,0,0,0.6666666666666666,residential
DL004,28.566,77.1866,2024-11-13 09:00:00+00:00,180.0,1.0,116.2,20.7,57.4,0.0,1217.4769,986.09155,0,0,0,0.6666666666666666,residential
DL004,28.566,77.1866,2024-11-13 10:00:00+00:00,180.0,1.0,101.8,21.9,52.3,0.0,1150.3613,985.83234,0,0,0,0.6666666666666666,residential
DL004,28.566,77.1866,2024-11-13 11:00:00+00:00,180.0,1.1,95.0,23.0,47.8,0.0,1051.942,985.8386,0,0,0,0.6666666666666666,residential
DL004,28.566,77.1866,2024-11-13 12:00:00+00:00,180.0,1.4,102.0,24.0,44.1,0.0,141.55289,986.0658,0,0,0,0.6666666666666666,residential
DL004,28.566,77.1866,2024-11-13 13:00:00+00:00,180.0,1.6,116.3,24.6,41.5,0.0,61.670055,986.5098,0,0,0,0.6666666666666666,residential
DL004,28.566,77.1866,2024-11-13 14:00:00+00:00,215.0,1.8,124.9,25.0,40.2,0.0,38.536934,987.1919,0,0,0,0.6666666666666666,residential
DL004,28.566,77.1866,2024-11-13 15:00:00+00:00,215.0,2.0,119.8,25.0,40.2,0.0,24.227798,987.855,0,0,0,0.6666666666666666,residential
DL004,28.566,77.1866,2024-11-13 16:00:00+00:00,180.0,2.0,105.7,24.6,41.5,0.0,17.29126,987.9674,0,0,0,0.6666666666666666,residential
DL004,28.566,77.1866,2024-11-13 17:00:00+00:00,180.0,1.9,95.6,24.0,44.1,0.0,16.34631,988.31305,0,0,0,0.6666666666666666,residential
DL004,28.566,77.1866,2024-11-13 18:00:00+00:00,180.0,1.7,98.7,23.0,47.8,0.0,16.798893,988.26654,0,0,0,0.6666666666666666,residential
DL004,28.566,77.1866,2024-11-13 19:00:00+00:00,180.0,1.5,112.2,21.9,52.3,0.0,16.352673,988.17694,0,0,0,0.6666666666666666,residential
DL004,28.566,77.1866,2024-11-13 20:00:00+00:00,180.0,1.2,123.7,20.7,57.4,0.0,15.429238,988.1116,0,0,0,0.6666666666666666,residential
DL004,28.566,77.1866,2024-11-13 21:00:00+00:00,180.0,1.1,122.5,19.3,62.6,0.0,13.528383,987.7757,0,0,0,0.6666666666666666,residential
DL004,28.566,77.1866,2024-11-13 22:00:00+00:00,180.0,1.0,109.9,18.1,67.7,0.0,13.975686,988.3233,0,0,0,0.6666666666666666,residential
DL004,28.566,77.1866,2024-11-13 23:00:00+00:00,180.0,1.1,97.3,17.0,72.2,0.0,11.055456,988.1233,0,0,0,0.6666666666666666,residential
DL004,28.566,77.1866,2024-11-14 00:00:00+00:00,195.0,1.5,110.0,16.0,75.9,0.0,10.888962,988.90424,0,0,0,0.6666666666666666,residential
DL004,28.566,77.1866,2024-11-14 01:00:00+00:00,195.0,1.7,122.6,15.4,78.5,0.0,12.898303,989.42944,0,0,0,0.6666666666666666,residential
DL004,28.566,77.1866,2024-11-14 02:00:00+00:00,195.0,1.9,123.6,15.0,79.8,0.0,35.434647,990.507,0,0,0,0.6666666666666666,residential
DL004,28.566,77.1866,2024-11-14 03:00:00+00:00,230.0,2.0,112.1,15.0,79.8,0.0,39.921062,991.1236,0,0,0,0.6666666666666666,residential
DL004,28.566,77.1866,2024-11-14 04:00:00+00:00,230.0,2.0,98.6,15.4,78.5,0.0,215.60616,991.6604,0,0,0,0.6666666666666666,residential
DL004,28.566,77.1866,2024-11-14 05:00:00+00:00,195.0,1.8,95.6,16.0,75.9,0.0,472.4392,991.8047,0,0,0,0.6666666666666666,residential
DL004,28.566,77.1866,2024-11-14 06:00:00+00:00,195.0,1.6,105.8,17.0,72.2,0.0,719.99347,991.2548,0,0,0,0.6666666666666666,residential
DL004,28.566,77.1866,2024-11-14 07:00:00+00:00,195.0,1.3,119.9,18.1,67.7,0.0,1054.5186,990.40076,0,0,0,0.6666666666666666,residential
DL004,28.566,77.1866,2024-11-14 08:00:00+00:00,195.0,1.1,124.8,19.3,62.6,0.0,1391.4775,989.2472,0,0,0,0.6666666666666666,residential
DL004,28.566,77.1866,2024-11-14 09:00:00+00:00,195.0,1.0,116.2,20.7,57.4,0.0,1835.6818,988.5839,0,0,0,0.6666666666666666,residential
DL004,28.566,77.1866,2024-11-14 10:00:00+00:00,195.0,1.0,101.8,21.9,52.3,0.0,1607.4453,988.1825,0,0,0,0.6666666666666666,residential
DL004,28.566,77.1866,2024-11-14 11:00:00+00:00,195.0,1.1,95.0,23.0,47.8,0.0,1181.8606,988.1887,0,0,0,0.6666666666666666,residential
DL004,28.566,77.1866,2024-11-14 12:00:00+00:00,195.0,1.4,102.0,24.0,44.1,0.0,42.33575,988.0888,0,0,0,0.6666666666666666,residential
DL004,28.566,77.1866,2024-11-14 13:00:00+00:00,195.0,1.6,116.3,24.6,41.5,0.0,34.774208,988.47925,0,0,0,0.6666666666666666,residential
DL004,28.566,77.1866,2024-11-14 14:00:00+00:00,230.0,1.8,124.9,25.0,40.2,0.0,31.898655,989.06757,0,0,0,0.6666666666666666,residential
DL004,28.566,77.1866,2024-11-14 15:00:00+00:00,230.0,2.0,119.8,25.0,40.2,0.0,30.575958,989.51685,0,0,0,0.6666666666666666,residential
DL004,28.566,77.1866,2024-11-14 16:00:00+00:00,195.0,2.0,105.7,24.6,41.5,0.0,30.3483,989.4772,0,0,0,0.6666666666666666,residential
DL004,28.566,77.1866,2024-11-14 17:00:00+00:00,195.0,1.9,95.6,24.0,44.1,0.0,30.260286,989.57654,0,0,0,0.6666666666666666,residential
DL004,28.566,77.1866,2024-11-14 18:00:00+00:00,195.0,1.7,98.7,23.0,47.8,0.0,26.945715,989.5765,0,0,0,0.6666666666666666,residential
DL004,28.566,77.1866,2024-11-14 19:00:00+00:00,195.0,1.5,112.2,21.9,52.3,0.0,24.25238,989.22406,0,0,0,0.6666666666666666,residential
DL004,28.566,77.1866,2024-11-14 20:00:00+00:00,195.0,1.2,123.7,20.7,57.4,0.0,21.255016,989.1358,0,0,0,0.6666666666666666,residential
DL004,28.566,77.1866,2024-11-14 21:00:00+00:00,195.0,1.1,122.5,19.3,62.6,0.0,16.647633,988.6259,0,0,0,0.6666666666666666,residential
DL004,28.566,77.1866,2024-11-14 22:00:00+00:00,195.0,1.0,109.9,18.1,67.7,0.0,17.333763,988.76483,0,0,0,0.6666666666666666,residential
DL004,28.566,77.1866,2024-11-14 23:00:00+00:00,195.0,1.1,97.3,17.0,72.2,0.0,16.994255,988.7241,0,0,0,0.6666666666666666,residential
DL004,28.566,77.1866,2024-11-15 00:00:00+00:00,210.0,1.5,110.0,16.0,75.9,0.0,17.776897,988.9981,0,0,0,0.6666666666666666,residential
DL004,28.566,77.1866,2024-11-15 01:00:00+00:00,210.0,1.7,122.6,15.4,78.5,0.0,19.703339,989.318,0,0,0,0.6666666666666666,residential
DL004,28.566,77.1866,2024-11-15 02:00:00+00:00,210.0,1.9,123.6,15.0,79.8,0.0,20.190584,990.1014,0,0,0,0.6666666666666666,residential
DL004,28.566,77.1866,2024-11-15 03:00:00+00:00,245.0,2.0,112.1,15.0,79.8,0.0,46.129395,990.62537,0,0,0,0.6666666666666666,residential
DL004,28.566,77.1866,2024-11-15 04:00:00+00:00,245.0,2.0,98.6,15.4,78.5,0.0,246.2086,990.8324,0,0,0,0.6666666666666666,residential
DL004,28.566,77.1866,2024-11-15 05:00:00+00:00,210.0,1.8,95.6,16.0,75.9,0.0,516.8323,990.7015,0,0,0,0.6666666666666666,residential
DL004,28.566,77.1866,2024-11-15 06:00:00+00:00,210.0,1.6,105.8,17.0,72.2,0.0,970.9911,990.1474,0,0,0,0.6666666666666666,residential
DL004,28.566,77.1866,2024-11-15 07:00:00+00:00,210.0,1.3,119.9,18.1,67.7,0.0,1831.7026,988.9786,0,0,0,0.6666666666666666,residential
DL004,28.566,77.1866,2024-11-15 08:00:00+00:00,210.0,1.1,124.8,19.3,62.6,0.0,1994.2926,988.0711,0,0,0,0.6666666666666666,residential
DL004,28.566,77.1866,2024-11-15 09:00:00+00:00,210.0,1.0,116.2,20.7,57.4,0.0,2025.2809,987.25024,0,0,0,0.6666666666666666,residential
DL004,28.566,77.1866,2024-11-15 10:00:00+00:00,210.0,1.0,101.8,21.9,52.3,0.0,1772.8611,986.8809,0,0,0,0.6666666666666666,residential
DL004,28.566,77.1866,2024-11-15 11:00:00+00:00,210.0,1.1,95.0,23.0,47.8,0.0,1091.8077,986.56866,0,0,0,0.6666666666666666,residential
DL004,28.566,77.1866,2024-11-15 12:00:00+00:00,210.0,1.4,102.0,24.0,44.1,0.0,140.26778,986.6318,0,0,0,0.6666666666666666,residential
DL004,28.566,77.1866,2024-11-15 13:00:00+00:00,210.0,1.6,116.3,24.6,41.5,0.0,78.787384,987.16406,0,0,0,0.6666666666666666,residential
DL004,28.566,77.1866,2024-11-15 14:00:00+00:00,245.0,1.8,124.9,25.0,40.2,0.0,63.408924,987.4794,0,0,0,0.6666666666666666,residential
DL004,28.566,77.1866,2024-11-15 15:00:00+00:00,245.0,2.0,119.8,25.0,40.2,0.0,57.957535,987.8732,0,0,0,0.6666666666666666,residential
DL004,28.566,77.1866,2024-11-15 16:00:00+00:00,210.0,2.0,105.7,24.6,41.5,0.0,57.08032,988.02716,0,0,0,0.6666666666666666,residential
DL004,28.566,77.1866,2024-11-15 17:00:00+00:00,210.0,1.9,95.6,24.0,44.1,0.0,53.526447,988.0489,0,0,0,0.6666666666666666,residential
DL004,28.566,77.1866,2024-11-15 18:00:00+00:00,210.0,1.7,98.7,23.0,47.8,0.0,51.049393,987.90356,0,0,0,0.6666666666666666,residential
DL004,28.566,77.1866,2024-11-15 19:00:00+00:00,210.0,1.5,112.2,21.9,52.3,0.0,52.757294,987.781,0,0,0,0.6666666666666666,residential
DL004,28.566,77.1866,2024-11-15 20:00:00+00:00,210.0,1.2,123.7,20.7,57.4,0.0,54.292625,987.79126,0,0,0,0.6666666666666666,residential
DL004,28.566,77.1866,2024-11-15 21:00:00+00:00,210.0,1.1,122.5,19.3,62.6,0.0,53.952442,987.40924,0,0,0,0.6666666666666666,residential
DL004,28.566,77.1866,2024-11-15 22:00:00+00:00,210.0,1.0,109.9,18.1,67.7,0.0,33.000755,987.66815,0,0,0,0.6666666666666666,residential
DL004,28.566,77.1866,2024-11-15 23:00:00+00:00,210.0,1.1,97.3,17.0,72.2,0.0,27.670635,987.1611,0,0,0,0.6666666666666666,residential
DL004,28.566,77.1866,2024-11-16 00:00:00+00:00,225.0,1.2,200.0,16.0,75.9,0.0,29.823704,987.34125,0,0,0,0.6666666666666666,residential
DL004,28.566,77.1866,2024-11-16 01:00:00+00:00,225.0,1.3,225.2,15.4,78.5,0.0,29.510038,987.7058,0,0,0,0.6666666666666666,residential
DL004,28.566,77.1866,2024-11-16 02:00:00+00:00,225.0,1.5,227.3,15.0,79.8,0.0,31.19618,987.8786,0,0,0,0.6666666666666666,residential
DL004,28.566,77.1866,2024-11-16 03:00:00+00:00,260.0,1.5,204.2,15.0,79.8,0.0,87.30231,988.6468,0,0,0,0.6666666666666666,residential
DL004,28.566,77.1866,2024-11-16 04:00:00+00:00,260.0,1.5,177.3,15.4,78.5,0.0,289.0396,989.0025,0,0,0,0.6666666666666666,residential
DL004,28.566,77.1866,2024-11-16 05:00:00+00:00,225.0,1.4,171.2,16.0,75.9,0.0,553.74097,988.9894,0,0,0,0.6666666666666666,residential
DL004,28.566,77.1866,2024-11-16 06:00:00+00:00,225.0,1.2,191.6,17.0,72.2,0.0,875.4565,988.86914,0,0,0,0.6666666666666666,residential
DL004,28.566,77.1866,2024-11-16 07:00:00+00:00,225.0,1.1,219.7,18.1,67.7,0.0,1090.8068,987.9249,0,0,0,0.6666666666666666,residential
DL004,28.566,77.1866,2024-11-16 08:00:00+00:00,225.0,1.0,229.7,19.3,62.6,0.0,1330.2086,986.6848,0,0,0,0.6666666666666666,residential
DL004,28.566,77.1866,2024-11-16 09:00:00+00:00,225.0,0.9,212.4,20.7,57.4,0.0,1655.9536,986.1679,0,0,0,0.6666666666666666,residential
DL004,28.566,77.1866,2024-11-16 10:00:00+00:00,225.0,0.9,183.7,21.9,52.3,0.0,1510.0538,985.73016,0,0,0,0.6666666666666666,residential
DL004,28.566,77.1866,2024-11-16 11:00:00+00:00,225.0,1.0,170.0,23.0,47.8,0.0,607.0754,985.5217,0,0,0,0.6666666666666666,residential
DL004,28.566,77.1866,2024-11-16 12:00:00+00:00,225.0,1.1,183.9,24.0,44.1,0.0,69.3348,985.8191,0,0,0,0.6666666666666666,residential
DL004,28.566,77.1866,2024-11-16 13:00:00+00:00,225.0,1.3,212.6,24.6,41.5,0.0,36.486664,986.1386,0,0,0,0.6666666666666666,residential
DL004,28.566,77.1866,2024-11-16 14:00:00+00:00,260.0,1.4,229.7,25.0,40.2,0.0,26.540405,986.84766,0,0,0,0.6666666666666666,residential
DL004,28.566,77.1866,2024-11-16 15:00:00+00:00,260.0,1.5,219.5,25.0,40.2,0.0,32.457954,987.5644,0,0,0,0.6666666666666666,residential
DL004,28.566,77.1866,2024-11-16 16:00:00+00:00,225.0,1.5,191.4,24.6,41.5,0.0,38.83421,987.9359,0,0,0,0.6666666666666666,residential
DL004,28.566,77.1866,2024-11-16 17:00:00+00:00,225.0,1.4,171.2,24.0,44.1,0.0,42.675343,987.97046,0,0,0,0.6666666666666666,residential
DL004,28.566,77.1866,2024-11-16 18:00:00+00:00,225.0,1.3,177.5,23.0,47.8,0.0,41.40514,987.8642,0,0,0,0.6666666666666666,residential
DL004,28.566,77.1866,2024-11-16 19:00:00+00:00,225.0,1.2,204.5,21.9,52.3,0.0,37.55805,987.6599,0,0,0,0.6666666666666666,residential
DL004,28.566,77.1866,2024-11-16 20:00:00+00:00,225.0,1.0,227.4,20.7,57.4,0.0,33.66648,987.5159,0,0,0,0.6666666666666666,residential
DL004,28.566,77.1866,2024-11-16 21:00:00+00:00,225.0,0.9,225.1,19.3,62.6,0.0,33.225517,987.2445,0,0,0,0.6666666666666666,residential
DL004,28.566,77.1866,2024-11-16 22:00:00+00:00,225.0,0.9,199.7,18.1,67.7,0.0,35.637524,987.29877,0,0,0,0.6666666666666666,residential
DL004,28.566,77.1866,2024-11-16 23:00:00+00:00,225.0,0.9,174.6,17.0,72.2,0.0,38.949345,987.0745,0,0,0,0.6666666666666666,residential
DL004,28.566,77.1866,2024-11-17 00:00:00+00:00,335.0,2.8,315.0,16.0,75.9,0.0,41.502884,987.64795,0,0,0,0.6666666666666666,residential
DL004,28.566,77.1866,2024-11-17 01:00:00+00:00,335.0,3.2,323.4,15.4,78.5,0.0,43.38067,987.76764,0,0,0,0.6666666666666666,residential
DL004,28.566,77.1866,2024-11-17 02:00:00+00:00,335.0,3.5,324.1,15.0,79.8,0.0,55.63696,988.4407,0,0,0,0.6666666666666666,residential
DL004,28.566,77.1866,2024-11-17 03:00:00+00:00,370.0,3.6,316.4,15.0,79.8,0.0,127.96907,989.334,0,0,0,0.6666666666666666,residential
DL004,28.566,77.1866,2024-11-17 04:00:00+00:00,370.0,3.5,307.4,15.4,78.5,0.0,278.20236,989.7891,0,0,0,0.6666666666666666,residential
DL004,28.566,77.1866,2024-11-17 05:00:00+00:00,335.0,3.3,305.4,16.0,75.9,0.0,509.31903,989.8194,0,0,0,0.6666666666666666,residential
DL004,28.566,77.1866,2024-11-17 06:00:00+00:00,335.0,2.9,312.2,17.0,72.2,0.002861023,819.6823,989.492,0,0,0,0.6666666666666666,residential
DL004,28.566,77.1866,2024-11-17 07:00:00+00:00,335.0,2.5,321.6,18.1,67.7,0.04196167,1079.4733,988.8193,0,0,0,0.6666666666666666,residential
DL004,28.566,77.1866,2024-11-17 08:00:00+00:00,335.0,2.2,324.9,19.3,62.6,0.0,1222.041,987.76483,0,0,0,0.6666666666666666,residential
DL004,28.566,77.1866,2024-11-17 09:00:00+00:00,335.0,2.0,319.1,20.7,57.4,0.0,1440.1461,987.1972,0,0,0,0.6666666666666666,residential
DL004,28.566,77.1866,2024-11-17 10:00:00+00:00,335.0,2.0,309.6,21.9,52.3,0.0,1310.8654,986.84326,0,0,0,0.6666666666666666,residential
DL004,28.566,77.1866,2024-11-17 11:00:00+00:00,335.0,2.2,305.0,23.0,47.8,0.0,1286.9452,987.06146,0,0,0,0.6666666666666666,residential
DL004,28.566,77.1866,2024-11-17 12:00:00+00:00,335.0,2.6,309.6,24.0,44.1,0.0,193.40703,987.3139,0,0,0,0.6666666666666666,residential
DL004,28.566,77.1866,2024-11-17 13:00:00+00:00,335.0,3.0,319.2,24.6,41.5,0.0,156.62592,987.59546,0,0,0,0.6666666666666666,residential
DL004,28.566,77.1866,2024-11-17 14:00:00+00:00,370.0,3.3,324.9,25.0,40.2,0.0,143.3378,988.38654,0,0,0,0.6666666666666666,residential
DL004,28.566,77.1866,2024-11-17 15:00:00+00:00,370.0,3.6,321.5,25.0,40.2,0.0,131.7411,988.85175,0,0,0,0.6666666666666666,residential
DL004,28.566,77.1866,2024-11-17 16:00:00+00:00,335.0,3.6,312.1,24.6,41.5,0.0,118.45591,988.8078,0,0,0,0.6666666666666666,residential
DL004,28.566,77.1866,2024-11-17 17:00:00+00:00,335.0,3.4,305.4,24.0,44.1,0.0,105.438965,989.0009,0,0,0,0.6666666666666666,residential
DL004,28.566,77.1866,2024-11-17 18:00:00+00:00,335.0,3.1,307.5,23.0,47.8,0.0,105.2387,988.94214,0,0,0,0.6666666666666666,residential
DL004,28.566,77.1866,2024-11-17 19:00:00+00:00,335.0,2.7,316.5,21.9,52.3,0.0,110.33738,988.8858,0,0,0,0.6666666666666666,residential
DL004,28.566,77.1866,2024-11-17 20:00:00+00:00,335.0,2.4,324.1,20.7,57.4,0.0,101.29678,988.80615,0,0,0,0.6666666666666666,residential
DL004,28.566,77.1866,2024-11-17 21:00:00+00:00,335.0,2.1,323.4,19.3,62.6,0.0,94.817955,988.59924,0,0,0,0.6666666666666666,residential
DL004,28.566,77.1866,2024-11-17 22:00:00+00:00,335.0,2.0,314.9,18.1,67.7,0.0,92.320435,988.93823,0,0,0,0.6666666666666666,residential
DL004,28.566,77.1866,2024-11-17 23:00:00+00:00,335.0,2.1,306.5,17.0,72.2,0.0,105.64643,988.9997,0,0,0,0.6666666666666666,residential
DL004,28.566,77.1866,2024-11-18 00:00:00+00:00,395.0,2.8,315.0,16.0,75.9,0.0,98.87905,989.5375,0,0,0,0.6666666666666666,residential
DL004,28.566,77.1866,2024-11-18 01:00:00+00:00,395.0,3.2,323.4,15.4,78.5,0.0,87.491745,989.66797,0,0,0,0.6666666666666666,residential
DL004,28.566,77.1866,2024-11-18 02:00:00+00:00,395.0,3.5,324.1,15.0,79.8,0.0009536743,110.51739,990.3194,0,0,0,0.6666666666666666,residential
DL004,28.566,77.1866,2024-11-18 03:00:00+00:00,430.0,3.6,316.4,15.0,79.8,0.0,194.6922,991.26306,0,0,0,0.6666666666666666,residential
DL004,28.566,77.1866,2024-11-18 04:00:00+00:00,430.0,3.5,307.4,15.4,78.5,0.0,421.17056,991.91595,0,0,0,0.6666666666666666,residential
DL004,28.566,77.1866,2024-11-18 05:00:00+00:00,395.0,3.3,305.4,16.0,75.9,0.0,918.1443,991.8906,0,0,0,0.6666666666666666,residential
DL004,28.566,77.1866,2024-11-18 06:00:00+00:00,395.0,2.9,312.2,17.0,72.2,0.0,1107.5228,991.4065,0,0,0,0.6666666666666666,residential
DL004,28.566,77.1866,2024-11-18 07:00:00+00:00,395.0,2.5,321.6,18.1,67.7,0.0,1234.4229,990.55945,0,0,0,0.6666666666666666,residential
DL004,28.566,77.1866,2024-11-18 08:00:00+00:00,395.0,2.2,324.9,19.3,62.6,0.0,1303.2615,989.5475,0,0,0,0.6666666666666666,residential
DL004,28.566,77.1866,2024-11-18 09:00:00+00:00,395.0,2.0,319.1,20.7,57.4,0.0,1363.9972,989.0475,0,0,0,0.6666666666666666,residential
DL004,28.566,77.1866,2024-11-18 10:00:00+00:00,395.0,2.0,309.6,21.9,52.3,0.0,1433.6227,988.6189,0,0,0,0.6666666666666666,residential
DL004,28.566,77.1866,2024-11-18 11:00:00+00:00,395.0,2.2,305.0,23.0,47.8,0.0,1394.5146,988.5889,0,0,0,0.6666666666666666,residential
DL004,28.566,77.1866,2024-11-18 12:00:00+00:00,395.0,2.6,309.6,24.0,44.1,0.0,162.30661,988.70844,0,0,0,0.6666666666666666,residential
DL004,28.566,77.1866,2024-11-18 13:00:00+00:00,395.0,3.0,319.2,24.6,41.5,0.0,69.06526,989.10736,0,0,0,0.6666666666666666,residential
DL004,28.566,77.1866,2024-11-18 14:00:00+00:00,430.0,3.3,324.9,25.0,40.2,0.0,48.440914,989.64014,0,0,0,0.6666666666666666,residential
DL004,28.566,77.1866,2024-11-18 15:00:00+00:00,430.0,3.6,321.5,25.0,40.2,0.0,39.655643,990.0416,0,0,0,0.6666666666666666,residential
DL004,28.566,77.1866,2024-11-18 16:00:00+00:00,395.0,3.6,312.1,24.6,41.5,0.0,37.823723,990.291,0,0,0,0.6666666666666666,residential
DL004,28.566,77.1866,2024-11-18 17:00:00+00:00,395.0,3.4,305.4,24.0,44.1,0.0,39.26905,990.41705,0,0,0,0.6666666666666666,residential
DL004,28.566,77.1866,2024-11-18 18:00:00+00:00,395.0,3.1,307.5,23.0,47.8,0.0,43.246517,990.5455,0,0,0,0.6666666666666666,residential
DL004,28.566,77.1866,2024-11-18 19:00:00+00:00,395.0,2.7,316.5,21.9,52.3,0.0,49.08108,990.1824,0,0,0,0.6666666666666666,residential
DL004,28.566,77.1866,2024-11-18 20:00:00+00:00,395.0,2.4,324.1,20.7,57.4,0.0,54.96431,990.1233,0,0,0,0.6666666666666666,residential
DL004,28.566,77.1866,2024-11-18 21:00:00+00:00,395.0,2.1,323.4,19.3,62.6,0.0,61.169746,989.9783,0,0,0,0.6666666666666666,residential
DL004,28.566,77.1866,2024-11-18 22:00:00+00:00,395.0,2.0,314.9,18.1,67.7,0.0,68.17278,990.32935,0,0,0,0.6666666666666666,residential
DL004,28.566,77.1866,2024-11-18 23:00:00+00:00,395.0,2.1,306.5,17.0,72.2,0.0,71.49388,990.33545,0,0,0,0.6666666666666666,residential
DL005,28.6364,77.201,2024-11-13 00:00:00+00:00,150.0,1.5,110.0,16.0,75.9,0.0,69.01278,986.6175,0,0,0,0.5476190476190477,agricultural
DL005,28.6364,77.201,2024-11-13 01:00:00+00:00,150.0,1.7,122.6,15.4,78.5,0.0,59.74391,987.1486,0,0,0,0.5476190476190477,agricultural
DL005,28.6364,77.201,2024-11-13 02:00:00+00:00,150.0,1.9,123.6,15.0,79.8,0.0,73.574486,987.90845,0,0,0,0.5476190476190477,agricultural
DL005,28.6364,77.201,2024-11-13 03:00:00+00:00,185.0,2.0,112.1,15.0,79.8,0.0,158.80272,988.9455,0,0,0,0.5476190476190477,agricultural
DL005,28.6364,77.201,2024-11-13 04:00:00+00:00,185.0,2.0,98.6,15.4,78.5,0.0,346.68808,989.2441,0,0,0,0.5476190476190477,agricultural
DL005,28.6364,77.201,2024-11-13 05:00:00+00:00,150.0,1.8,95.6,16.0,75.9,0.0,759.0079,989.1464,0,0,0,0.5476190476190477,agricultural
DL005,28.6364,77.201,2024-11-13 06:00:00+00:00,150.0,1.6,105.8,17.0,72.2,0.0,919.7697,988.6766,0,0,0,0.5476190476190477,agricultural
DL005,28.6364,77.201,2024-11-13 07:00:00+00:00,150.0,1.3,119.9,18.1,67.7,0.0,1061.5326,987.9481,0,0,0,0.5476190476190477,agricultural
DL005,28.6364,77.201,2024-11-13 08:00:00+00:00,150.0,1.1,124.8,19.3,62.6,0.0,1130.0946,986.709,0,0,0,0.5476190476190477,agricultural
DL005,28.6364,77.201,2024-11-13 09:00:00+00:00,150.0,1.0,116.2,20.7,57.4,0.0,1161.3519,986.10156,0,0,0,0.5476190476190477,agricultural
DL005,28.6364,77.201,2024-11-13 10:00:00+00:00,150.0,1.0,101.8,21.9,52.3,0.0,1096.9863,985.8823,0,0,0,0.5476190476190477,agricultural
DL005,28.6364,77.201,2024-11-13 11:00:00+00:00,150.0,1.1,95.0,23.0,47.8,0.0,1017.567,985.8486,0,0,0,0.5476190476190477,agricultural
DL005,28.6364,77.201,2024-11-13 12:00:00+00:00,150.0,1.4,102.0,24.0,44.1,0.0,123.36539,986.0158,0,0,0,0.5476190476190477,agricultural
DL005,28.6364,77.201,2024-11-13 13:00:00+00:00,150.0,1.6,116.3,24.6,41.5,0.0,51.857555,986.4398,0,0,0,0.5476190476190477,agricultural
DL005,28.6364,77.201,2024-11-13 14:00:00+00:00,185.0,1.8,124.9,25.0,40.2,0.0,29.661934,987.10187,0,0,0,0.5476190476190477,agricultural
DL005,28.6364,77.201,2024-11-13 15:00:00+00:00,185.0,2.0,119.8,25.0,40.2,0.0,18.227798,987.745,0,0,0,0.5476190476190477,agricultural
DL005,28.6364,77.201,2024-11-13 16:00:00+00:00,150.0,2.0,105.7,24.6,41.5,0.0,13.416261,987.87744,0,0,0,0.5476190476190477,agricultural
DL005,28.6364,77.201,2024-11-13 17:00:00+00:00,150.0,1.9,95.6,24.0,44.1,0.0,12.471311,988.25305,0,0,0,0.5476190476190477,agricultural
DL005,28.6364,77.201,2024-11-13 18:00:00+00:00,150.0,1.7,98.7,23.0,47.8,0.0,12.486394,988.21655,0,0,0,0.5476190476190477,agricultural
DL005,28.6364,77.201,2024-11-13 19:00:00+00:00,150.0,1.5,112.2,21.9,52.3,0.0,12.477673,988.13696,0,0,0,0.5476190476190477,agricultural
DL005,28.6364,77.201,2024-11-13 20:00:00+00:00,150.0,1.2,123.7,20.7,57.4,0.0,12.554238,988.0616,0,0,0,0.5476190476190477,agricultural
DL005,28.6364,77.201,2024-11-13 21:00:00+00:00,150.0,1.1,122.5,19.3,62.6,0.0,12.528383,987.7357,0,0,0,0.5476190476190477,agricultural
DL005,28.6364,77.201,2024-11-13 22:00:00+00:00,150.0,1.0,109.9,18.1,67.7,0.0,12.350686,988.3033,0,0,0,0.5476190476190477,agricultural
DL005,28.6364,77.201,2024-11-13 23:00:00+00:00,150.0,1.1,97.3,17.0,72.2,0.0,11.180456,988.0633,0,0,0,0.5476190476190477,agricultural
DL005,28.6364,77.201,2024-11-14 00:00:00+00:00,165.0,1.5,110.0,16.0,75.9,0.0,11.076462,988.84424,0,0,0,0.5476190476190477,agricultural
DL005,28.6364,77.201,2024-11-14 01:00:00+00:00,165.0,1.7,122.6,15.4,78.5,0.0,24.835804,989.38947,0,0,0,0.5476190476190477,agricultural
DL005,28.6364,77.201,2024-11-14 02:00:00+00:00,165.0,1.9,123.6,15.0,79.8,0.0,36.059647,990.46704,0,0,0,0.5476190476190477,agricultural
DL005,28.6364,77.201,2024-11-14 03:00:00+00:00,200.0,2.0,112.1,15.0,79.8,0.0,21.546062,991.09357,0,0,0,0.5476190476190477,agricultural
DL005,28.6364,77.201,2024-11-14 04:00:00+00:00,200.0,2.0,98.6,15.4,78.5,0.0,113.48115,991.6604,0,0,0,0.5476190476190477,agricultural
DL005,28.6364,77.201,2024-11-14 05:00:00+00:00,165.0,1.8,95.6,16.0,75.9,0.0,409.8142,991.7947,0,0,0,0.5476190476190477,agricultural
DL005,28.6364,77.201,2024-11-14 06:00:00+00:00,165.0,1.6,105.8,17.0,72.2,0.0,665.49347,991.2449,0,0,0,0.5476190476190477,agricultural
DL005,28.6364,77.201,2024-11-14 07:00:00+00:00,165.0,1.3,119.9,18.1,67.7,0.0,973.0186,990.4208,0,0,0,0.5476190476190477,agricultural
DL005,28.6364,77.201,2024-11-14 08:00:00+00:00,165.0,1.1,124.8,19.3,62.6,0.0,1245.1025,989.2472,0,0,0,0.5476190476190477,agricultural
DL005,28.6364,77.201,2024-11-14 09:00:00+00:00,165.0,1.0,116.2,20.7,57.4,0.0,1517.6818,988.6039,0,0,0,0.5476190476190477,agricultural
DL005,28.6364,77.201,2024-11-14 10:00:00+00:00,165.0,1.0,101.8,21.9,52.3,0.0,1375.8203,988.1725,0,0,0,0.5476190476190477,agricultural
DL005,28.6364,77.201,2024-11-14 11:00:00+00:00,165.0,1.1,95.0,23.0,47.8,0.0,990.61066,988.1788,0,0,0,0.5476190476190477,agricultural
DL005,28.6364,77.201,2024-11-14 12:00:00+00:00,165.0,1.4,102.0,24.0,44.1,0.0,49.08575,988.07886,0,0,0,0.5476190476190477,agricultural
DL005,28.6364,77.201,2024-11-14 13:00:00+00:00,165.0,1.6,116.3,24.6,41.5,0.0,36.524208,988.46924,0,0,0,0.5476190476190477,agricultural
DL005,28.6364,77.201,2024-11-14 14:00:00+00:00,200.0,1.8,124.9,25.0,40.2,0.0,33.523655,989.06757,0,0,0,0.5476190476190477,agricultural
DL005,28.6364,77.201,2024-11-14 15:00:00+00:00,200.0,2.0,119.8,25.0,40.2,0.0,32.07596,989.51685,0,0,0,0.5476190476190477,agricultural
DL005,28.6364,77.201,2024-11-14 16:00:00+00:00,165.0,2.0,105.7,24.6,41.5,0.0,31.4733,989.4572,0,0,0,0.5476190476190477,agricultural
DL005,28.6364,77.201,2024-11-14 17:00:00+00:00,165.0,1.9,95.6,24.0,44.1,0.0,30.260286,989.5666,0,0,0,0.5476190476190477,agricultural
DL005,28.6364,77.201,2024-11-14 18:00:00+00:00,165.0,1.7,98.7,23.0,47.8,0.0,25.820715,989.5365,0,0,0,0.5476190476190477,agricultural
DL005,28.6364,77.201,2024-11-14 19:00:00+00:00,165.0,1.5,112.2,21.9,52.3,0.0,22.12738,989.16406,0,0,0,0.5476190476190477,agricultural
DL005,28.6364,77.201,2024-11-14 20:00:00+00:00,165.0,1.2,123.7,20.7,57.4,0.0,18.505016,989.0658,0,0,0,0.5476190476190477,agricultural
DL005,28.6364,77.201,2024-11-14 21:00:00+00:00,165.0,1.1,122.5,19.3,62.6,0.0,14.272632,988.54596,0,0,0,0.5476190476190477,agricultural
DL005,28.6364,77.201,2024-11-14 22:00:00+00:00,165.0,1.0,109.9,18.1,67.7,0.0,23.833763,988.73486,0,0,0,0.5476190476190477,agricultural
DL005,28.6364,77.201,2024-11-14 23:00:00+00:00,165.0,1.1,97.3,17.0,72.2,0.0,26.244255,988.64417,0,0,0,0.5476190476190477,agricultural
DL005,28.6364,77.201,2024-11-15 00:00:00+00:00,180.0,1.5,110.0,16.0,75.9,0.0,25.089397,988.9281,0,0,0,0.5476190476190477,agricultural
DL005,28.6364,77.201,2024-11-15 01:00:00+00:00,180.0,1.7,122.6,15.4,78.5,0.0,27.515839,989.198,0,0,0,0.5476190476190477,agricultural
DL005,28.6364,77.201,2024-11-15 02:00:00+00:00,180.0,1.9,123.6,15.0,79.8,0.0,30.565584,989.9814,0,0,0,0.5476190476190477,agricultural
DL005,28.6364,77.201,2024-11-15 03:00:00+00:00,215.0,2.0,112.1,15.0,79.8,0.0,47.254395,990.5154,0,0,0,0.5476190476190477,agricultural
DL005,28.6364,77.201,2024-11-15 04:00:00+00:00,215.0,2.0,98.6,15.4,78.5,0.0,186.9586,990.7724,0,0,0,0.5476190476190477,agricultural
DL005,28.6364,77.201,2024-11-15 05:00:00+00:00,180.0,1.8,95.6,16.0,75.9,0.0,476.08228,990.7015,0,0,0,0.5476190476190477,agricultural
DL005,28.6364,77.201,2024-11-15 06:00:00+00:00,180.0,1.6,105.8,17.0,72.2,0.0,838.3661,990.2174,0,0,0,0.5476190476190477,agricultural
DL005,28.6364,77.201,2024-11-15 07:00:00+00:00,180.0,1.3,119.9,18.1,67.7,0.002861023,1312.5776,989.0886,0,0,0,0.5476190476190477,agricultural
DL005,28.6364,77.201,2024-11-15 08:00:00+00:00,180.0,1.1,124.8,19.3,62.6,0.0,1591.9176,988.1811,0,0,0,0.5476190476190477,agricultural
DL005,28.6364,77.201,2024-11-15 09:00:00+00:00,180.0,1.0,116.2,20.7,57.4,0.0,1642.9059,987.3402,0,0,0,0.5476190476190477,agricultural
DL005,28.6364,77.201,2024-11-15 10:00:00+00:00,180.0,1.0,101.8,21.9,52.3,0.0,1433.6111,986.96094,0,0,0,0.5476190476190477,agricultural
DL005,28.6364,77.201,2024-11-15 11:00:00+00:00,180.0,1.1,95.0,23.0,47.8,0.0,1081.3077,986.55865,0,0,0,0.5476190476190477,agricultural
DL005,28.6364,77.201,2024-11-15 12:00:00+00:00,180.0,1.4,102.0,24.0,44.1,0.0,137.26778,986.5818,0,0,0,0.5476190476190477,agricultural
DL005,28.6364,77.201,2024-11-15 13:00:00+00:00,180.0,1.6,116.3,24.6,41.5,0.0,75.912384,987.10406,0,0,0,0.5476190476190477,agricultural
DL005,28.6364,77.201,2024-11-15 14:00:00+00:00,215.0,1.8,124.9,25.0,40.2,0.0,62.408924,987.4194,0,0,0,0.5476190476190477,agricultural
DL005,28.6364,77.201,2024-11-15 15:00:00+00:00,215.0,2.0,119.8,25.0,40.2,0.0,60.457535,987.8432,0,0,0,0.5476190476190477,agricultural
DL005,28.6364,77.201,2024-11-15 16:00:00+00:00,180.0,2.0,105.7,24.6,41.5,0.0,61.58032,987.9972,0,0,0,0.5476190476190477,agricultural
DL005,28.6364,77.201,2024-11-15 17:00:00+00:00,180.0,1.9,95.6,24.0,44.1,0.0,57.776447,987.96893,0,0,0,0.5476190476190477,agricultural
DL005,28.6364,77.201,2024-11-15 18:00:00+00:00,180.0,1.7,98.7,23.0,47.8,0.0,55.924393,987.8536,0,0,0,0.5476190476190477,agricultural
DL005,28.6364,77.201,2024-11-15 19:00:00+00:00,180.0,1.5,112.2,21.9,52.3,0.0,54.007294,987.721,0,0,0,0.5476190476190477,agricultural
DL005,28.6364,77.201,2024-11-15 20:00:00+00:00,180.0,1.2,123.7,20.7,57.4,0.0,50.917625,987.73126,0,0,0,0.5476190476190477,agricultural
DL005,28.6364,77.201,2024-11-15 21:00:00+00:00,180.0,1.1,122.5,19.3,62.6,0.0,49.577442,987.33923,0,0,0,0.5476190476190477,agricultural
DL005,28.6364,77.201,2024-11-15 22:00:00+00:00,180.0,1.0,109.9,18.1,67.7,0.0,30.875755,987.58813,0,0,0,0.5476190476190477,agricultural
DL005,28.6364,77.201,2024-11-15 23:00:00+00:00,180.0,1.1,97.3,17.0,72.2,0.0,30.920635,987.0611,0,0,0,0.5476190476190477,agricultural
DL005,28.6364,77.201,2024-11-16 00:00:00+00:00,195.0,1.2,200.0,16.0,75.9,0.0,34.261204,987.23126,0,0,0,0.5476190476190477,agricultural
DL005,28.6364,77.201,2024-11-16 01:00:00+00:00,195.0,1.3,225.2,15.4,78.5,0.0,34.07254,987.6358,0,0,0,0.5476190476190477,agricultural
DL005,28.6364,77.201,2024-11-16 02:00:00+00:00,195.0,1.5,227.3,15.0,79.8,0.0,37.383682,987.8586,0,0,0,0.5476190476190477,agricultural
DL005,28.6364,77.201,2024-11-16 03:00:00+00:00,230.0,1.5,204.2,15.0,79.8,0.0,96.55231,988.6268,0,0,0,0.5476190476190477,agricultural
DL005,28.6364,77.201,2024-11-16 04:00:00+00:00,230.0,1.5,177.3,15.4,78.5,0.0,305.4146,988.9825,0,0,0,0.5476190476190477,agricultural
DL005,28.6364,77.201,2024-11-16 05:00:00+00:00,195.0,1.4,171.2,16.0,75.9,0.0,552.11597,988.96936,0,0,0,0.5476190476190477,agricultural
DL005,28.6364,77.201,2024-11-16 06:00:00+00:00,195.0,1.2,191.6,17.0,72.2,0.0,788.3315,988.8491,0,0,0,0.5476190476190477,agricultural
DL005,28.6364,77.201,2024-11-16 07:00:00+00:00,195.0,1.1,219.7,18.1,67.7,0.0,970.3067,987.8649,0,0,0,0.5476190476190477,agricultural
DL005,28.6364,77.201,2024-11-16 08:00:00+00:00,195.0,1.0,229.7,19.3,62.6,0.0,1149.7086,986.66486,0,0,0,0.5476190476190477,agricultural
DL005,28.6364,77.201,2024-11-16 09:00:00+00:00,195.0,0.9,212.4,20.7,57.4,0.0,1356.0786,986.2079,0,0,0,0.5476190476190477,agricultural
DL005,28.6364,77.201,2024-11-16 10:00:00+00:00,195.0,0.9,183.7,21.9,52.3,0.0,1332.5538,985.72015,0,0,0,0.5476190476190477,agricultural
DL005,28.6364,77.201,2024-11-16 11:00:00+00:00,195.0,1.0,170.0,23.0,47.8,0.0,841.4504,985.4517,0,0,0,0.5476190476190477,agricultural
DL005,28.6364,77.201,2024-11-16 12:00:00+00:00,195.0,1.1,183.9,24.0,44.1,0.0,71.2098,985.7491,0,0,0,0.5476190476190477,agricultural
DL005,28.6364,77.201,2024-11-16 13:00:00+00:00,195.0,1.3,212.6,24.6,41.5,0.0,36.486664,986.0686,0,0,0,0.5476190476190477,agricultural
DL005,28.6364,77.201,2024-11-16 14:00:00+00:00,230.0,1.4,229.7,25.0,40.2,0.0,30.290405,986.82764,0,0,0,0.5476190476190477,agricultural
DL005,28.6364,77.201,2024-11-16 15:00:00+00:00,230.0,1.5,219.5,25.0,40.2,0.0,39.582954,987.5744,0,0,0,0.5476190476190477,agricultural
DL005,28.6364,77.201,2024-11-16 16:00:00+00:00,195.0,1.5,191.4,24.6,41.5,0.0,46.70921,987.9359,0,0,0,0.5476190476190477,agricultural
DL005,28.6364,77.201,2024-11-16 17:00:00+00:00,195.0,1.4,171.2,24.0,44.1,0.0,49.800343,987.9305,0,0,0,0.5476190476190477,agricultural
DL005,28.6364,77.201,2024-11-16 18:00:00+00:00,195.0,1.3,177.5,23.0,47.8,0.0,46.90514,987.8042,0,0,0,0.5476190476190477,agricultural
DL005,28.6364,77.201,2024-11-16 19:00:00+00:00,195.0,1.2,204.5,21.9,52.3,0.0,40.05805,987.5999,0,0,0,0.5476190476190477,agricultural
DL005,28.6364,77.201,2024-11-16 20:00:00+00:00,195.0,1.0,227.4,20.7,57.4,0.0,35.16648,987.41595,0,0,0,0.5476190476190477,agricultural
DL005,28.6364,77.201,2024-11-16 21:00:00+00:00,195.0,0.9,225.1,19.3,62.6,0.0,34.975517,987.16455,0,0,0,0.5476190476190477,agricultural
DL005,28.6364,77.201,2024-11-16 22:00:00+00:00,195.0,0.9,199.7,18.1,67.7,0.0,34.700024,987.26874,0,0,0,0.5476190476190477,agricultural
DL005,28.6364,77.201,2024-11-16 23:00:00+00:00,195.0,0.9,174.6,17.0,72.2,0.0,38.449345,987.03455,0,0,0,0.5476190476190477,agricultural
DL005,28.6364,77.201,2024-11-17 00:00:00+00:00,290.0,2.8,315.0,16.0,75.9,0.0,43.627884,987.608,0,0,0,0.5476190476190477,agricultural
DL005,28.6364,77.201,2024-11-17 01:00:00+00:00,290.0,3.2,323.4,15.4,78.5,0.0,50.25567,987.7377,0,0,0,0.5476190476190477,agricultural
DL005,28.6364,77.201,2024-11-17 02:00:00+00:00,290.0,3.5,324.1,15.0,79.8,0.0,70.88696,988.4107,0,0,0,0.5476190476190477,agricultural
DL005,28.6364,77.201,2024-11-17 03:00:00+00:00,325.0,3.6,316.4,15.0,79.8,0.0,145.59407,989.30396,0,0,0,0.5476190476190477,agricultural
DL005,28.6364,77.201,2024-11-17 04:00:00+00:00,325.0,3.5,307.4,15.4,78.5,0.0,290.82736,989.76917,0,0,0,0.5476190476190477,agricultural
DL005,28.6364,77.201,2024-11-17 05:00:00+00:00,290.0,3.3,305.4,16.0,75.9,0.0,492.81903,989.82935,0,0,0,0.5476190476190477,agricultural
DL005,28.6364,77.201,2024-11-17 06:00:00+00:00,290.0,2.9,312.2,17.0,72.2,0.002861023,747.9323,989.562,0,0,0,0.5476190476190477,agricultural
DL005,28.6364,77.201,2024-11-17 07:00:00+00:00,290.0,2.5,321.6,18.1,67.7,0.054836273,989.97327,988.9093,0,0,0,0.5476190476190477,agricultural
DL005,28.6364,77.201,2024-11-17 08:00:00+00:00,290.0,2.2,324.9,19.3,62.6,0.0047683716,1140.541,987.84485,0,0,0,0.5476190476190477,agricultural
DL005,28.6364,77.201,2024-11-17 09:00:00+00:00,290.0,2.0,319.1,20.7,57.4,0.0,1323.5211,987.2672,0,0,0,0.5476190476190477,agricultural
DL005,28.6364,77.201,2024-11-17 10:00:00+00:00,290.0,2.0,309.6,21.9,52.3,0.0,1215.7404,986.8833,0,0,0,0.5476190476190477,agricultural
DL005,28.6364,77.201,2024-11-17 11:00:00+00:00,290.0,2.2,305.0,23.0,47.8,0.0,1230.6952,987.1015,0,0,0,0.5476190476190477,agricultural
DL005,28.6364,77.201,2024-11-17 12:00:00+00:00,290.0,2.6,309.6,24.0,44.1,0.0,169.65703,987.3539,0,0,0,0.5476190476190477,agricultural
DL005,28.6364,77.201,2024-11-17 13:00:00+00:00,290.0,3.0,319.2,24.6,41.5,0.0,118.62592,987.6155,0,0,0,0.5476190476190477,agricultural
DL005,28.6364,77.201,2024-11-17 14:00:00+00:00,325.0,3.3,324.9,25.0,40.2,0.0,99.46279,988.40656,0,0,0,0.5476190476190477,agricultural
DL005,28.6364,77.201,2024-11-17 15:00:00+00:00,325.0,3.6,321.5,25.0,40.2,0.0,93.741104,988.8817,0,0,0,0.5476190476190477,agricultural
DL005,28.6364,77.201,2024-11-17 16:00:00+00:00,290.0,3.6,312.1,24.6,41.5,0.0,86.58091,988.7978,0,0,0,0.5476190476190477,agricultural
DL005,28.6364,77.201,2024-11-17 17:00:00+00:00,290.0,3.4,305.4,24.0,44.1,0.0,81.688965,988.99097,0,0,0,0.5476190476190477,agricultural
DL005,28.6364,77.201,2024-11-17 18:00:00+00:00,290.0,3.1,307.5,23.0,47.8,0.0,87.1137,988.9521,0,0,0,0.5476190476190477,agricultural
DL005,28.6364,77.201,2024-11-17 19:00:00+00:00,290.0,2.7,316.5,21.9,52.3,0.0,92.08738,988.8558,0,0,0,0.5476190476190477,agricultural
DL005,28.6364,77.201,2024-11-17 20:00:00+00:00,290.0,2.4,324.1,20.7,57.4,0.0,87.04678,988.73615,0,0,0,0.5476190476190477,agricultural
DL005,28.6364,77.201,2024-11-17 21:00:00+00:00,290.0,2.1,323.4,19.3,62.6,0.0,88.442955,988.5092,0,0,0,0.5476190476190477,agricultural
DL005,28.6364,77.201,2024-11-17 22:00:00+00:00,290.0,2.0,314.9,18.1,67.7,0.0,97.320435,988.8582,0,0,0,0.5476190476190477,agricultural
DL005,28.6364,77.201,2024-11-17 23:00:00+00:00,290.0,2.1,306.5,17.0,72.2,0.0,108.64643,988.9497,0,0,0,0.5476190476190477,agricultural
DL005,28.6364,77.201,2024-11-18 00:00:00+00:00,345.0,2.8,315.0,16.0,75.9,0.0,97.31655,989.4275,0,0,0,0.5476190476190477,agricultural
DL005,28.6364,77.201,2024-11-18 01:00:00+00:00,345.0,3.2,323.4,15.4,78.5,0.0,93.804245,989.558,0,0,0,0.5476190476190477,agricultural
DL005,28.6364,77.201,2024-11-18 02:00:00+00:00,345.0,3.5,324.1,15.0,79.8,0.0,122.57989,990.1994,0,0,0,0.5476190476190477,agricultural
DL005,28.6364,77.201,2024-11-18 03:00:00+00:00,380.0,3.6,316.4,15.0,79.8,0.0,203.8797,991.18304,0,0,0,0.5476190476190477,agricultural
DL005,28.6364,77.201,2024-11-18 04:00:00+00:00,380.0,3.5,307.4,15.4,78.5,0.0,424.10806,991.83594,0,0,0,0.5476190476190477,agricultural
DL005,28.6364,77.201,2024-11-18 05:00:00+00:00,345.0,3.3,305.4,16.0,75.9,0.0,832.0193,991.8206,0,0,0,0.5476190476190477,agricultural
DL005,28.6364,77.201,2024-11-18 06:00:00+00:00,345.0,2.9,312.2,17.0,72.2,0.0,1037.6478,991.3565,0,0,0,0.5476190476190477,agricultural
DL005,28.6364,77.201,2024-11-18 07:00:00+00:00,345.0,2.5,321.6,18.1,67.7,0.0,1180.5479,990.5195,0,0,0,0.5476190476190477,agricultural
DL005,28.6364,77.201,2024-11-18 08:00:00+00:00,345.0,2.2,324.9,19.3,62.6,0.0,1267.0115,989.4975,0,0,0,0.5476190476190477,agricultural
DL005,28.6364,77.201,2024-11-18 09:00:00+00:00,345.0,2.0,319.1,20.7,57.4,0.0,1294.7472,988.9975,0,0,0,0.5476190476190477,agricultural
DL005,28.6364,77.201,2024-11-18 10:00:00+00:00,345.0,2.0,309.6,21.9,52.3,0.0,1379.3727,988.5989,0,0,0,0.5476190476190477,agricultural
DL005,28.6364,77.201,2024-11-18 11:00:00+00:00,345.0,2.2,305.0,23.0,47.8,0.0,1327.8896,988.5489,0,0,0,0.5476190476190477,agricultural
DL005,28.6364,77.201,2024-11-18 12:00:00+00:00,345.0,2.6,309.6,24.0,44.1,0.0,129.55661,988.6284,0,0,0,0.5476190476190477,agricultural
DL005,28.6364,77.201,2024-11-18 13:00:00+00:00,345.0,3.0,319.2,24.6,41.5,0.0,58.315258,988.9973,0,0,0,0.5476190476190477,agricultural
DL005,28.6364,77.201,2024-11-18 14:00:00+00:00,380.0,3.3,324.9,25.0,40.2,0.0,43.065914,989.52014,0,0,0,0.5476190476190477,agricultural
DL005,28.6364,77.201,2024-11-18 15:00:00+00:00,380.0,3.6,321.5,25.0,40.2,0.0,36.905643,989.92163,0,0,0,0.5476190476190477,agricultural
DL005,28.6364,77.201,2024-11-18 16:00:00+00:00,345.0,3.6,312.1,24.6,41.5,0.0,35.948723,990.19104,0,0,0,0.5476190476190477,agricultural
DL005,28.6364,77.201,2024-11-18 17:00:00+00:00,345.0,3.4,305.4,24.0,44.1,0.0,37.76905,990.307,0,0,0,0.5476190476190477,agricultural
DL005,28.6364,77.201,2024-11-18 18:00:00+00:00,345.0,3.1,307.5,23.0,47.8,0.0,41.621517,990.46545,0,0,0,0.5476190476190477,agricultural
DL005,28.6364,77.201,2024-11-18 19:00:00+00:00,345.0,2.7,316.5,21.9,52.3,0.0,47.08108,990.10236,0,0,0,0.5476190476190477,agricultural
DL005,28.6364,77.201,2024-11-18 20:00:00+00:00,345.0,2.4,324.1,20.7,57.4,0.0,51.33931,990.03326,0,0,0,0.5476190476190477,agricultural
DL005,28.6364,77.201,2024-11-18 21:00:00+00:00,345.0,2.1,323.4,19.3,62.6,0.0,56.294746,989.8883,0,0,0,0.5476190476190477,agricultural
DL005,28.6364,77.201,2024-11-18 22:00:00+00:00,345.0,2.0,314.9,18.1,67.7,0.0,58.422783,990.2594,0,0,0,0.5476190476190477,agricultural
DL005,28.6364,77.201,2024-11-18 23:00:00+00:00,345.0,2.1,306.5,17.0,72.2,0.0,59.993877,990.2455,0,0,0,0.5476190476190477,agricultural
