station_id,latitude,longitude,timestamp,aqi,wind_speed,wind_direction,temperature,humidity,precipitation,boundary_layer_height,fire_count_50km,fire_count_100km,fire_upwind_flag,road_density_500m,land_use_category
DL001,28.6476,77.3158,2024-11-13T00:00:00+00:00,280.0,1.5,110.0,16.0,75.9,0.0,450.0,0,0,0,1.0,mixed
DL002,28.8228,77.0943,2024-11-13T00:00:00+00:00,240.0,1.5,110.0,16.0,75.9,0.0,450.0,0,0,0,0.40476190476190477,industrial
DL003,28.7972,77.0589,2024-11-13T00:00:00+00:00,200.0,1.5,110.0,16.0,75.9,0.0,450.0,0,0,0,0.2857142857142857,agricultural
DL004,28.566,77.1866,2024-11-13T00:00:00+00:00,180.0,1.5,110.0,16.0,75.9,0.0,450.0,0,0,0,0.6666666666666666,residential
DL005,28.6364,77.201,2024-11-13T00:00:00+00:00,150.0,1.5,110.0,16.0,75.9,0.0,450.0,0,0,0,0.5476190476190477,agricultural
DL001,28.6476,77.3158,2024-11-13T01:00:00+00:00,280.0,1.7,122.6,15.4,78.5,0.0,450.0,0,0,0,1.0,mixed
DL002,28.8228,77.0943,2024-11-13T01:00:00+00:00,240.0,1.7,122.6,15.4,78.5,0.0,450.0,0,0,0,0.40476190476190477,industrial
DL003,28.7972,77.0589,2024-11-13T01:00:00+00:00,200.0,1.7,122.6,15.4,78.5,0.0,450.0,0,0,0,0.2857142857142857,agricultural
DL004,28.566,77.1866,2024-11-13T01:00:00+00:00,180.0,1.7,122.6,15.4,78.5,0.0,450.0,0,0,0,0.6666666666666666,residential
DL005,28.6364,77.201,2024-11-13T01:00:00+00:00,150.0,1.7,122.6,15.4,78.5,0.0,450.0,0,0,0,0.5476190476190477,agricultural
DL001,28.6476,77.3158,2024-11-13T02:00:00+00:00,280.0,1.9,123.6,15.0,79.8,0.0,450.0,0,0,0,1.0,mixed
DL002,28.8228,77.0943,2024-11-13T02:00:00+00:00,240.0,1.9,123.6,15.0,79.8,0.0,450.0,0,0,0,0.40476190476190477,industrial
DL003,28.7972,77.0589,2024-11-13T02:00:00+00:00,200.0,1.9,123.6,15.0,79.8,0.0,450.0,0,0,0,0.2857142857142857,agricultural
DL004,28.566,77.1866,2024-11-13T02:00:00+00:00,180.0,1.9,123.6,15.0,79.8,0.0,450.0,0,0,0,0.6666666666666666,residential
DL005,28.6364,77.201,2024-11-13T02:00:00+00:00,150.0,1.9,123.6,15.0,79.8,0.0,450.0,0,0,0,0.5476190476190477,agricultural
DL001,28.6476,77.3158,2024-11-13T03:00:00+00:00,315.0,2.0,112.1,15.0,79.8,0.0,450.0,0,0,0,1.0,mixed
DL002,28.8228,77.0943,2024-11-13T03:00:00+00:00,275.0,2.0,112.1,15.0,79.8,0.0,450.0,0,0,0,0.40476190476190477,industrial
DL003,28.7972,77.0589,2024-11-13T03:00:00+00:00,235.0,2.0,112.1,15.0,79.8,0.0,450.0,0,0,0,0.2857142857142857,agricultural
DL004,28.566,77.1866,2024-11-13T03:00:00+00:00,215.0,2.0,112.1,15.0,79.8,0.0,450.0,0,0,0,0.6666666666666666,residential
DL005,28.6364,77.201,2024-11-13T03:00:00+00:00,185.0,2.0,112.1,15.0,79.8,0.0,450.0,0,0,0,0.5476190476190477,agricultural
DL001,28.6476,77.3158,2024-11-13T04:00:00+00:00,315.0,2.0,98.6,15.4,78.5,0.0,450.0,0,0,0,1.0,mixed
DL002,28.8228,77.0943,2024-11-13T04:00:00+00:00,275.0,2.0,98.6,15.4,78.5,0.0,450.0,0,0,0,0.40476190476190477,industrial
DL003,28.7972,77.0589,2024-11-13T04:00:00+00:00,235.0,2.0,98.6,15.4,78.5,0.0,450.0,0,0,0,0.2857142857142857,agricultural
DL004,28.566,77.1866,2024-11-13T04:00:00+00:00,215.0,2.0,98.6,15.4,78.5,0.0,450.0,0,0,0,0.6666666666666666,residential
DL005,28.6364,77.201,2024-11-13T04:00:00+00:00,185.0,2.0,98.6,15.4,78.5,0.0,450.0,0,0,0,0.5476190476190477,agricultural
DL001,28.6476,77.3158,2024-11-13T05:00:00+00:00,280.0,1.8,95.6,16.0,75.9,0.0,450.0,0,0,0,1.0,mixed
DL002,28.8228,77.0943,2024-11-13T05:00:00+00:00,240.0,1.8,95.6,16.0,75.9,0.0,450.0,0,0,0,0.40476190476190477,industrial
DL003,28.7972,77.0589,2024-11-13T05:00:00+00:00,200.0,1.8,95.6,16.0,75.9,0.0,450.0,0,0,0,0.2857142857142857,agricultural
DL004,28.566,77.1866,2024-11-13T05:00:00+00:00,180.0,1.8,95.6,16.0,75.9,0.0,450.0,0,0,0,0.6666666666666666,residential
DL005,28.6364,77.201,2024-11-13T05:00:00+00:00,150.0,1.8,95.6,16.0,75.9,0.0,450.0,0,0,0,0.5476190476190477,agricultural
DL001,28.6476,77.3158,2024-11-13T06:00:00+00:00,280.0,1.6,105.8,17.0,72.2,0.0,450.0,0,0,0,1.0,mixed
DL002,28.8228,77.0943,2024-11-13T06:00:00+00:00,240.0,1.6,105.8,17.0,72.2,0.0,450.0,0,0,0,0.40476190476190477,industrial
DL003,28.7972,77.0589,2024-11-13T06:00:00+00:00,200.0,1.6,105.8,17.0,72.2,0.0,450.0,0,0,0,0.2857142857142857,agricultural
DL004,28.566,77.1866,2024-11-13T06:00:00+00:00,180.0,1.6,105.8,17.0,72.2,0.0,450.0,0,0,0,0.6666666666666666,residential
DL005,28.6364,77.201,2024-11-13T06:00:00+00:00,150.0,1.6,105.8,17.0,72.2,0.0,450.0,0,0,0,0.5476190476190477,agricultural
DL001,28.6476,77.3158,2024-11-13T07:00:00+00:00,280.0,1.3,119.9,18.1,67.7,0.0,450.0,0,0,0,1.0,mixed
DL002,28.8228,77.0943,2024-11-13T07:00:00+00:00,240.0,1.3,119.9,18.1,67.7,0.0,450.0,0,0,0,0.40476190476190477,industrial
DL003,28.7972,77.0589,2024-11-13T07:00:00+00:00,200.0,1.3,119.9,18.1,67.7,0.0,450.0,0,0,0,0.2857142857142857,agricultural
DL004,28.566,77.1866,2024-11-13T07:00:00+00:00,180.0,1.3,119.9,18.1,67.7,0.0,450.0,0,0,0,0.6666666666666666,residential
DL005,28.6364,77.201,2024-11-13T07:00:00+00:00,150.0,1.3,119.9,18.1,67.7,0.0,450.0,0,0,0,0.5476190476190477,agricultural
DL001,28.6476,77.3158,2024-11-13T08:00:00+00:00,280.0,1.1,124.8,19.3,62.6,0.0,450.0,0,0,0,1.0,mixed
DL002,28.8228,77.0943,2024-11-13T08:00:00+00:00,240.0,1.1,124.8,19.3,62.6,0.0,450.0,0,0,0,0.40476190476190477,industrial
DL003,28.7972,77.0589,2024-11-13T08:00:00+00:00,200.0,1.1,124.8,19.3,62.6,0.0,450.0,0,0,0,0.2857142857142857,agricultural
DL004,28.566,77.1866,2024-11-13T08:00:00+00:00,180.0,1.1,124.8,19.3,62.6,0.0,450.0,0,0,0,0.6666666666666666,residential
DL005,28.6364,77.201,2024-11-13T08:00:00+00:00,150.0,1.1,124.8,19.3,62.6,0.0,450.0,0,0,0,0.5476190476190477,agricultural
DL001,28.6476,77.3158,2024-11-13T09:00:00+00:00,280.0,1.0,116.2,20.7,57.4,0.0,450.0,0,0,0,1.0,mixed
DL002,28.8228,77.0943,2024-11-13T09:00:00+00:00,240.0,1.0,116.2,20.7,57.4,0.0,450.0,0,0,0,0.40476190476190477,industrial
DL003,28.7972,77.0589,2024-11-13T09:00:00+00:00,200.0,1.0,116.2,20.7,57.4,0.0,450.0,0,0,0,0.2857142857142857,agricultural
DL004,28.566,77.1866,2024-11-13T09:00:00+00:00,180.0,1.0,116.2,20.7,57.4,0.0,450.0,0,0,0,0.6666666666666666,residential
DL005,28.6364,77.201,2024-11-13T09:00:00+00:00,150.0,1.0,116.2,20.7,57.4,0.0,450.0,0,0,0,0.5476190476190477,agricultural
DL001,28.6476,77.3158,2024-11-13T10:00:00+00:00,280.0,1.0,101.8,21.9,52.3,0.0,450.0,0,0,0,1.0,mixed
DL002,28.8228,77.0943,2024-11-13T10:00:00+00:00,240.0,1.0,101.8,21.9,52.3,0.0,450.0,0,0,0,0.40476190476190477,industrial
DL003,28.7972,77.0589,2024-11-13T10:00:00+00:00,200.0,1.0,101.8,21.9,52.3,0.0,450.0,0,0,0,0.2857142857142857,agricultural
DL004,28.566,77.1866,2024-11-13T10:00:00+00:00,180.0,1.0,101.8,21.9,52.3,0.0,450.0,0,0,0,0.6666666666666666,residential
DL005,28.6364,77.201,2024-11-13T10:00:00+00:00,150.0,1.0,101.8,21.9,52.3,0.0,450.0,0,0,0,0.5476190476190477,agricultural
DL001,28.6476,77.3158,2024-11-13T11:00:00+00:00,280.0,1.1,95.0,23.0,47.8,0.0,450.0,0,0,0,1.0,mixed
DL002,28.8228,77.0943,2024-11-13T11:00:00+00:00,240.0,1.1,95.0,23.0,47.8,0.0,450.0,0,0,0,0.40476190476190477,industrial
DL003,28.7972,77.0589,2024-11-13T11:00:00+00:00,200.0,1.1,95.0,23.0,47.8,0.0,450.0,0,0,0,0.2857142857142857,agricultural
DL004,28.566,77.1866,2024-11-13T11:00:00+00:00,180.0,1.1,95.0,23.0,47.8,0.0,450.0,0,0,0,0.6666666666666666,residential
DL005,28.6364,77.201,2024-11-13T11:00:00+00:00,150.0,1.1,95.0,23.0,47.8,0.0,450.0,0,0,0,0.5476190476190477,agricultural
DL001,28.6476,77.3158,2024-11-13T12:00:00+00:00,280.0,1.4,102.0,24.0,44.1,0.0,450.0,0,0,0,1.0,mixed
DL002,28.8228,77.0943,2024-11-13T12:00:00+00:00,240.0,1.4,102.0,24.0,44.1,0.0,450.0,0,0,0,0.40476190476190477,industrial
DL003,28.7972,77.0589,2024-11-13T12:00:00+00:00,200.0,1.4,102.0,24.0,44.1,0.0,450.0,0,0,0,0.2857142857142857,agricultural
DL004,28.566,77.1866,2024-11-13T12:00:00+00:00,180.0,1.4,102.0,24.0,44.1,0.0,450.0,0,0,0,0.6666666666666666,residential
DL005,28.6364,77.201,2024-11-13T12:00:00+00:00,150.0,1.4,102.0,24.0,44.1,0.0,450.0,0,0,0,0.5476190476190477,agricultural
DL001,28.6476,77.3158,2024-11-13T13:00:00+00:00,280.0,1.6,116.3,24.6,41.5,0.0,450.0,0,0,0,1.0,mixed
DL002,28.8228,77.0943,2024-11-13T13:00:00+00:00,240.0,1.6,116.3,24.6,41.5,0.0,450.0,0,0,0,0.40476190476190477,industrial
DL003,28.7972,77.0589,2024-11-13T13:00:00+00:00,200.0,1.6,116.3,24.6,41.5,0.0,450.0,0,0,0,0.2857142857142857,agricultural
DL004,28.566,77.1866,2024-11-13T13:00:00+00:00,180.0,1.6,116.3,24.6,41.5,0.0,450.0,0,0,0,0.6666666666666666,residential
DL005,28.6364,77.201,2024-11-13T13:00:00+00:00,150.0,1.6,116.3,24.6,41.5,0.0,450.0,0,0,0,0.5476190476190477,agricultural
DL001,28.6476,77.3158,2024-11-13T14:00:00+00:00,315.0,1.8,124.9,25.0,40.2,0.0,450.0,0,0,0,1.0,mixed
DL002,28.8228,77.0943,2024-11-13T14:00:00+00:00,275.0,1.8,124.9,25.0,40.2,0.0,450.0,0,0,0,0.40476190476190477,industrial
DL003,28.7972,77.0589,2024-11-13T14:00:00+00:00,235.0,1.8,124.9,25.0,40.2,0.0,450.0,0,0,0,0.2857142857142857,agricultural
DL004,28.566,77.1866,2024-11-13T14:00:00+00:00,215.0,1.8,124.9,25.0,40.2,0.0,450.0,0,0,0,0.6666666666666666,residential
DL005,28.6364,77.201,2024-11-13T14:00:00+00:00,185.0,1.8,124.9,25.0,40.2,0.0,450.0,0,0,0,0.5476190476190477,agricultural
DL001,28.6476,77.3158,2024-11-13T15:00:00+00:00,315.0,2.0,119.8,25.0,40.2,0.0,450.0,0,0,0,1.0,mixed
DL002,28.8228,77.0943,2024-11-13T15:00:00+00:00,275.0,2.0,119.8,25.0,40.2,0.0,450.0,0,0,0,0.40476190476190477,industrial
DL003,28.7972,77.0589,2024-11-13T15:00:00+00:00,235.0,2.0,119.8,25.0,40.2,0.0,450.0,0,0,0,0.2857142857142857,agricultural
DL004,28.566,77.1866,2024-11-13T15:00:00+00:00,215.0,2.0,119.8,25.0,40.2,0.0,450.0,0,0,0,0.6666666666666666,residential
DL005,28.6364,77.201,2024-11-13T15:00:00+00:00,185.0,2.0,119.8,25.0,40.2,0.0,450.0,0,0,0,0.5476190476190477,agricultural
DL001,28.6476,77.3158,2024-11-13T16:00:00+00:00,280.0,2.0,105.7,24.6,41.5,0.0,450.0,0,0,0,1.0,mixed
DL002,28.8228,77.0943,2024-11-13T16:00:00+00:00,240.0,2.0,105.7,24.6,41.5,0.0,450.0,0,0,0,0.40476190476190477,industrial
DL003,28.7972,77.0589,2024-11-13T16:00:00+00:00,200.0,2.0,105.7,24.6,41.5,0.0,450.0,0,0,0,0.2857142857142857,agricultural
DL004,28.566,77.1866,2024-11-13T16:00:00+00:00,180.0,2.0,105.7,24.6,41.5,0.0,450.0,0,0,0,0.6666666666666666,residential
DL005,28.6364,77.201,2024-11-13T16:00:00+00:00,150.0,2.0,105.7,24.6,41.5,0.0,450.0,0,0,0,0.5476190476190477,agricultural
DL001,28.6476,77.3158,2024-11-13T17:00:00+00:00,280.0,1.9,95.6,24.0,44.1,0.0,450.0,0,0,0,1.0,mixed
DL002,28.8228,77.0943,2024-11-13T17:00:00+00:00,240.0,1.9,95.6,24.0,44.1,0.0,450.0,0,0,0,0.40476190476190477,industrial
DL003,28.7972,77.0589,2024-11-13T17:00:00+00:00,200.0,1.9,95.6,24.0,44.1,0.0,450.0,0,0,0,0.2857142857142857,agricultural
DL004,28.566,77.1866,2024-11-13T17:00:00+00:00,180.0,1.9,95.6,24.0,44.1,0.0,450.0,0,0,0,0.6666666666666666,residential
DL005,28.6364,77.201,2024-11-13T17:00:00+00:00,150.0,1.9,95.6,24.0,44.1,0.0,450.0,0,0,0,0.5476190476190477,agricultural
DL001,28.6476,77.3158,2024-11-13T18:00:00+00:00,280.0,1.7,98.7,23.0,47.8,0.0,450.0,0,0,0,1.0,mixed
DL002,28.8228,77.0943,2024-11-13T18:00:00+00:00,240.0,1.7,98.7,23.0,47.8,0.0,450.0,0,0,0,0.40476190476190477,industrial
DL003,28.7972,77.0589,2024-11-13T18:00:00+00:00,200.0,1.7,98.7,23.0,47.8,0.0,450.0,0,0,0,0.2857142857142857,agricultural
DL004,28.566,77.1866,2024-11-13T18:00:00+00:00,180.0,1.7,98.7,23.0,47.8,0.0,450.0,0,0,0,0.6666666666666666,residential
DL005,28.6364,77.201,2024-11-13T18:00:00+00:00,150.0,1.7,98.7,23.0,47.8,0.0,450.0,0,0,0,0.5476190476190477,agricultural
DL001,28.6476,77.3158,2024-11-13T19:00:00+00:00,280.0,1.5,112.2,21.9,52.3,0.0,450.0,0,0,0,1.0,mixed
DL002,28.8228,77.0943,2024-11-13T19:00:00+00:00,240.0,1.5,112.2,21.9,52.3,0.0,450.0,0,0,0,0.40476190476190477,industrial
DL003,28.7972,77.0589,2024-11-13T19:00:00+00:00,200.0,1.5,112.2,21.9,52.3,0.0,450.0,0,0,0,0.2857142857142857,agricultural
DL004,28.566,77.1866,2024-11-13T19:00:00+00:00,180.0,1.5,112.2,21.9,52.3,0.0,450.0,0,0,0,0.6666666666666666,residential
DL005,28.6364,77.201,2024-11-13T19:00:00+00:00,150.0,1.5,112.2,21.9,52.3,0.0,450.0,0,0,0,0.5476190476190477,agricultural
DL001,28.6476,77.3158,2024-11-13T20:00:00+00:00,280.0,1.2,123.7,20.7,57.4,0.0,450.0,0,0,0,1.0,mixed
DL002,28.8228,77.0943,2024-11-13T20:00:00+00:00,240.0,1.2,123.7,20.7,57.4,0.0,450.0,0,0,0,0.40476190476190477,industrial
DL003,28.7972,77.0589,2024-11-13T20:00:00+00:00,200.0,1.2,123.7,20.7,57.4,0.0,450.0,0,0,0,0.2857142857142857,agricultural
DL004,28.566,77.1866,2024-11-13T20:00:00+00:00,180.0,1.2,123.7,20.7,57.4,0.0,450.0,0,0,0,0.6666666666666666,residential
DL005,28.6364,77.201,2024-11-13T20:00:00+00:00,150.0,1.2,123.7,20.7,57.4,0.0,450.0,0,0,0,0.5476190476190477,agricultural
DL001,28.6476,77.3158,2024-11-13T21:00:00+00:00,280.0,1.1,122.5,19.3,62.6,0.0,450.0,0,0,0,1.0,mixed
DL002,28.8228,77.0943,2024-11-13T21:00:00+00:00,240.0,1.1,122.5,19.3,62.6,0.0,450.0,0,0,0,0.40476190476190477,industrial
DL003,28.7972,77.0589,2024-11-13T21:00:00+00:00,200.0,1.1,122.5,19.3,62.6,0.0,450.0,0,0,0,0.2857142857142857,agricultural
DL004,28.566,77.1866,2024-11-13T21:00:00+00:00,180.0,1.1,122.5,19.3,62.6,0.0,450.0,0,0,0,0.6666666666666666,residential
DL005,28.6364,77.201,2024-11-13T21:00:00+00:00,150.0,1.1,122.5,19.3,62.6,0.0,450.0,0,0,0,0.5476190476190477,agricultural
DL001,28.6476,77.3158,2024-11-13T22:00:00+00:00,280.0,1.0,109.9,18.1,67.7,0.0,450.0,0,0,0,1.0,mixed
DL002,28.8228,77.0943,2024-11-13T22:00:00+00:00,240.0,1.0,109.9,18.1,67.7,0.0,450.0,0,0,0,0.40476190476190477,industrial
DL003,28.7972,77.0589,2024-11-13T22:00:00+00:00,200.0,1.0,109.9,18.1,67.7,0.0,450.0,0,0,0,0.2857142857142857,agricultural
DL004,28.566,77.1866,2024-11-13T22:00:00+00:00,180.0,1.0,109.9,18.1,67.7,0.0,450.0,0,0,0,0.6666666666666666,residential
DL005,28.6364,77.201,2024-11-13T22:00:00+00:00,150.0,1.0,109.9,18.1,67.7,0.0,450.0,0,0,0,0.5476190476190477,agricultural
DL001,28.6476,77.3158,2024-11-13T23:00:00+00:00,280.0,1.1,97.3,17.0,72.2,0.0,450.0,0,0,0,1.0,mixed
DL002,28.8228,77.0943,2024-11-13T23:00:00+00:00,240.0,1.1,97.3,17.0,72.2,0.0,450.0,0,0,0,0.40476190476190477,industrial
DL003,28.7972,77.0589,2024-11-13T23:00:00+00:00,200.0,1.1,97.3,17.0,72.2,0.0,450.0,0,0,0,0.2857142857142857,agricultural
DL004,28.566,77.1866,2024-11-13T23:00:00+00:00,180.0,1.1,97.3,17.0,72.2,0.0,450.0,0,0,0,0.6666666666666666,residential
DL005,28.6364,77.201,2024-11-13T23:00:00+00:00,150.0,1.1,97.3,17.0,72.2,0.0,450.0,0,0,0,0.5476190476190477,agricultural
DL001,28.6476,77.3158,2024-11-14T00:00:00+00:00,295.0,1.5,110.0,16.0,75.9,0.0,450.0,0,0,0,1.0,mixed
DL002,28.8228,77.0943,2024-11-14T00:00:00+00:00,255.0,1.5,110.0,16.0,75.9,0.0,450.0,0,0,0,0.40476190476190477,industrial
DL003,28.7972,77.0589,2024-11-14T00:00:00+00:00,215.0,1.5,110.0,16.0,75.9,0.0,450.0,0,0,0,0.2857142857142857,agricultural
DL004,28.566,77.1866,2024-11-14T00:00:00+00:00,195.0,1.5,110.0,16.0,75.9,0.0,450.0,0,0,0,0.6666666666666666,residential
DL005,28.6364,77.201,2024-11-14T00:00:00+00:00,165.0,1.5,110.0,16.0,75.9,0.0,450.0,0,0,0,0.5476190476190477,agricultural
DL001,28.6476,77.3158,2024-11-14T01:00:00+00:00,295.0,1.7,122.6,15.4,78.5,0.0,450.0,0,0,0,1.0,mixed
DL002,28.8228,77.0943,2024-11-14T01:00:00+00:00,255.0,1.7,122.6,15.4,78.5,0.0,450.0,0,0,0,0.40476190476190477,industrial
DL003,28.7972,77.0589,2024-11-14T01:00:00+00:00,215.0,1.7,122.6,15.4,78.5,0.0,450.0,0,0,0,0.2857142857142857,agricultural
DL004,28.566,77.1866,2024-11-14T01:00:00+00:00,195.0,1.7,122.6,15.4,78.5,0.0,450.0,0,0,0,0.6666666666666666,residential
DL005,28.6364,77.201,2024-11-14T01:00:00+00:00,165.0,1.7,122.6,15.4,78.5,0.0,450.0,0,0,0,0.5476190476190477,agricultural
DL001,28.6476,77.3158,2024-11-14T02:00:00+00:00,295.0,1.9,123.6,15.0,79.8,0.0,450.0,0,0,0,1.0,mixed
DL002,28.8228,77.0943,2024-11-14T02:00:00+00:00,255.0,1.9,123.6,15.0,79.8,0.0,450.0,0,0,0,0.40476190476190477,industrial
DL003,28.7972,77.0589,2024-11-14T02:00:00+00:00,215.0,1.9,123.6,15.0,79.8,0.0,450.0,0,0,0,0.2857142857142857,agricultural
DL004,28.566,77.1866,2024-11-14T02:00:00+00:00,195.0,1.9,123.6,15.0,79.8,0.0,450.0,0,0,0,0.6666666666666666,residential
DL005,28.6364,77.201,2024-11-14T02:00:00+00:00,165.0,1.9,123.6,15.0,79.8,0.0,450.0,0,0,0,0.5476190476190477,agricultural
DL001,28.6476,77.3158,2024-11-14T03:00:00+00:00,330.0,2.0,112.1,15.0,79.8,0.0,450.0,0,0,0,1.0,mixed
DL002,28.8228,77.0943,2024-11-14T03:00:00+00:00,290.0,2.0,112.1,15.0,79.8,0.0,450.0,0,0,0,0.40476190476190477,industrial
DL003,28.7972,77.0589,2024-11-14T03:00:00+00:00,250.0,2.0,112.1,15.0,79.8,0.0,450.0,0,0,0,0.2857142857142857,agricultural
DL004,28.566,77.1866,2024-11-14T03:00:00+00:00,230.0,2.0,112.1,15.0,79.8,0.0,450.0,0,0,0,0.6666666666666666,residential
DL005,28.6364,77.201,2024-11-14T03:00:00+00:00,200.0,2.0,112.1,15.0,79.8,0.0,450.0,0,0,0,0.5476190476190477,agricultural
DL001,28.6476,77.3158,2024-11-14T04:00:00+00:00,330.0,2.0,98.6,15.4,78.5,0.0,450.0,0,0,0,1.0,mixed
DL002,28.8228,77.0943,2024-11-14T04:00:00+00:00,290.0,2.0,98.6,15.4,78.5,0.0,450.0,0,0,0,0.40476190476190477,industrial
DL003,28.7972,77.0589,2024-11-14T04:00:00+00:00,250.0,2.0,98.6,15.4,78.5,0.0,450.0,0,0,0,0.2857142857142857,agricultural
DL004,28.566,77.1866,2024-11-14T04:00:00+00:00,230.0,2.0,98.6,15.4,78.5,0.0,450.0,0,0,0,0.6666666666666666,residential
DL005,28.6364,77.201,2024-11-14T04:00:00+00:00,200.0,2.0,98.6,15.4,78.5,0.0,450.0,0,0,0,0.5476190476190477,agricultural
DL001,28.6476,77.3158,2024-11-14T05:00:00+00:00,295.0,1.8,95.6,16.0,75.9,0.0,450.0,0,0,0,1.0,mixed
DL002,28.8228,77.0943,2024-11-14T05:00:00+00:00,255.0,1.8,95.6,16.0,75.9,0.0,450.0,0,0,0,0.40476190476190477,industrial
DL003,28.7972,77.0589,2024-11-14T05:00:00+00:00,215.0,1.8,95.6,16.0,75.9,0.0,450.0,0,0,0,0.2857142857142857,agricultural
DL004,28.566,77.1866,2024-11-14T05:00:00+00:00,195.0,1.8,95.6,16.0,75.9,0.0,450.0,0,0,0,0.6666666666666666,residential
DL005,28.6364,77.201,2024-11-14T05:00:00+00:00,165.0,1.8,95.6,16.0,75.9,0.0,450.0,0,0,0,0.5476190476190477,agricultural
DL001,28.6476,77.3158,2024-11-14T06:00:00+00:00,295.0,1.6,105.8,17.0,72.2,0.0,450.0,0,0,0,1.0,mixed
DL002,28.8228,77.0943,2024-11-14T06:00:00+00:00,255.0,1.6,105.8,17.0,72.2,0.0,450.0,0,0,0,0.40476190476190477,industrial
DL003,28.7972,77.0589,2024-11-14T06:00:00+00:00,215.0,1.6,105.8,17.0,72.2,0.0,450.0,0,0,0,0.2857142857142857,agricultural
DL004,28.566,77.1866,2024-11-14T06:00:00+00:00,195.0,1.6,105.8,17.0,72.2,0.0,450.0,0,0,0,0.6666666666666666,residential
DL005,28.6364,77.201,2024-11-14T06:00:00+00:00,165.0,1.6,105.8,17.0,72.2,0.0,450.0,0,0,0,0.5476190476190477,agricultural
DL001,28.6476,77.3158,2024-11-14T07:00:00+00:00,295.0,1.3,119.9,18.1,67.7,0.0,450.0,0,0,0,1.0,mixed
DL002,28.8228,77.0943,2024-11-14T07:00:00+00:00,255.0,1.3,119.9,18.1,67.7,0.0,450.0,0,0,0,0.40476190476190477,industrial
DL003,28.7972,77.0589,2024-11-14T07:00:00+00:00,215.0,1.3,119.9,18.1,67.7,0.0,450.0,0,0,0,0.2857142857142857,agricultural
DL004,28.566,77.1866,2024-11-14T07:00:00+00:00,195.0,1.3,119.9,18.1,67.7,0.0,450.0,0,0,0,0.6666666666666666,residential
DL005,28.6364,77.201,2024-11-14T07:00:00+00:00,165.0,1.3,119.9,18.1,67.7,0.0,450.0,0,0,0,0.5476190476190477,agricultural
DL001,28.6476,77.3158,2024-11-14T08:00:00+00:00,295.0,1.1,124.8,19.3,62.6,0.0,450.0,0,0,0,1.0,mixed
DL002,28.8228,77.0943,2024-11-14T08:00:00+00:00,255.0,1.1,124.8,19.3,62.6,0.0,450.0,0,0,0,0.40476190476190477,industrial
DL003,28.7972,77.0589,2024-11-14T08:00:00+00:00,215.0,1.1,124.8,19.3,62.6,0.0,450.0,0,0,0,0.2857142857142857,agricultural
DL004,28.566,77.1866,2024-11-14T08:00:00+00:00,195.0,1.1,124.8,19.3,62.6,0.0,450.0,0,0,0,0.6666666666666666,residential
DL005,28.6364,77.201,2024-11-14T08:00:00+00:00,165.0,1.1,124.8,19.3,62.6,0.0,450.0,0,0,0,0.5476190476190477,agricultural
DL001,28.6476,77.3158,2024-11-14T09:00:00+00:00,295.0,1.0,116.2,20.7,57.4,0.0,450.0,0,0,0,1.0,mixed
DL002,28.8228,77.0943,2024-11-14T09:00:00+00:00,255.0,1.0,116.2,20.7,57.4,0.0,450.0,0,0,0,0.40476190476190477,industrial
DL003,28.7972,77.0589,2024-11-14T09:00:00+00:00,215.0,1.0,116.2,20.7,57.4,0.0,450.0,0,0,0,0.2857142857142857,agricultural
DL004,28.566,77.1866,2024-11-14T09:00:00+00:00,195.0,1.0,116.2,20.7,57.4,0.0,450.0,0,0,0,0.6666666666666666,residential
DL005,28.6364,77.201,2024-11-14T09:00:00+00:00,165.0,1.0,116.2,20.7,57.4,0.0,450.0,0,0,0,0.5476190476190477,agricultural
DL001,28.6476,77.3158,2024-11-14T10:00:00+00:00,295.0,1.0,101.8,21.9,52.3,0.0,450.0,0,0,0,1.0,mixed
DL002,28.8228,77.0943,2024-11-14T10:00:00+00:00,255.0,1.0,101.8,21.9,52.3,0.0,450.0,0,0,0,0.40476190476190477,industrial
DL003,28.7972,77.0589,2024-11-14T10:00:00+00:00,215.0,1.0,101.8,21.9,52.3,0.0,450.0,0,0,0,0.2857142857142857,agricultural
DL004,28.566,77.1866,2024-11-14T10:00:00+00:00,195.0,1.0,101.8,21.9,52.3,0.0,450.0,0,0,0,0.6666666666666666,residential
DL005,28.6364,77.201,2024-11-14T10:00:00+00:00,165.0,1.0,101.8,21.9,52.3,0.0,450.0,0,0,0,0.5476190476190477,agricultural
DL001,28.6476,77.3158,2024-11-14T11:00:00+00:00,295.0,1.1,95.0,23.0,47.8,0.0,450.0,0,0,0,1.0,mixed
DL002,28.8228,77.0943,2024-11-14T11:00:00+00:00,255.0,1.1,95.0,23.0,47.8,0.0,450.0,0,0,0,0.40476190476190477,industrial
DL003,28.7972,77.0589,2024-11-14T11:00:00+00:00,215.0,1.1,95.0,23.0,47.8,0.0,450.0,0,0,0,0.2857142857142857,agricultural
DL004,28.566,77.1866,2024-11-14T11:00:00+00:00,195.0,1.1,95.0,23.0,47.8,0.0,450.0,0,0,0,0.6666666666666666,residential
DL005,28.6364,77.201,2024-11-14T11:00:00+00:00,165.0,1.1,95.0,23.0,47.8,0.0,450.0,0,0,0,0.5476190476190477,agricultural
DL001,28.6476,77.3158,2024-11-14T12:00:00+00:00,295.0,1.4,102.0,24.0,44.1,0.0,450.0,0,0,0,1.0,mixed
DL002,28.8228,77.0943,2024-11-14T12:00:00+00:00,255.0,1.4,102.0,24.0,44.1,0.0,450.0,0,0,0,0.40476190476190477,industrial
DL003,28.7972,77.0589,2024-11-14T12:00:00+00:00,215.0,1.4,102.0,24.0,44.1,0.0,450.0,0,0,0,0.2857142857142857,agricultural
DL004,28.566,77.1866,2024-11-14T12:00:00+00:00,195.0,1.4,102.0,24.0,44.1,0.0,450.0,0,0,0,0.6666666666666666,residential
DL005,28.6364,77.201,2024-11-14T12:00:00+00:00,165.0,1.4,102.0,24.0,44.1,0.0,450.0,0,0,0,0.5476190476190477,agricultural
DL001,28.6476,77.3158,2024-11-14T13:00:00+00:00,295.0,1.6,116.3,24.6,41.5,0.0,450.0,0,0,0,1.0,mixed
DL002,28.8228,77.0943,2024-11-14T13:00:00+00:00,255.0,1.6,116.3,24.6,41.5,0.0,450.0,0,0,0,0.40476190476190477,industrial
DL003,28.7972,77.0589,2024-11-14T13:00:00+00:00,215.0,1.6,116.3,24.6,41.5,0.0,450.0,0,0,0,0.2857142857142857,agricultural
DL004,28.566,77.1866,2024-11-14T13:00:00+00:00,195.0,1.6,116.3,24.6,41.5,0.0,450.0,0,0,0,0.6666666666666666,residential
DL005,28.6364,77.201,2024-11-14T13:00:00+00:00,165.0,1.6,116.3,24.6,41.5,0.0,450.0,0,0,0,0.5476190476190477,agricultural
DL001,28.6476,77.3158,2024-11-14T14:00:00+00:00,330.0,1.8,124.9,25.0,40.2,0.0,450.0,0,0,0,1.0,mixed
DL002,28.8228,77.0943,2024-11-14T14:00:00+00:00,290.0,1.8,124.9,25.0,40.2,0.0,450.0,0,0,0,0.40476190476190477,industrial
DL003,28.7972,77.0589,2024-11-14T14:00:00+00:00,250.0,1.8,124.9,25.0,40.2,0.0,450.0,0,0,0,0.2857142857142857,agricultural
DL004,28.566,77.1866,2024-11-14T14:00:00+00:00,230.0,1.8,124.9,25.0,40.2,0.0,450.0,0,0,0,0.6666666666666666,residential
DL005,28.6364,77.201,2024-11-14T14:00:00+00:00,200.0,1.8,124.9,25.0,40.2,0.0,450.0,0,0,0,0.5476190476190477,agricultural
DL001,28.6476,77.3158,2024-11-14T15:00:00+00:00,330.0,2.0,119.8,25.0,40.2,0.0,450.0,0,0,0,1.0,mixed
DL002,28.8228,77.0943,2024-11-14T15:00:00+00:00,290.0,2.0,119.8,25.0,40.2,0.0,450.0,0,0,0,0.40476190476190477,industrial
DL003,28.7972,77.0589,2024-11-14T15:00:00+00:00,250.0,2.0,119.8,25.0,40.2,0.0,450.0,0,0,0,0.2857142857142857,agricultural
DL004,28.566,77.1866,2024-11-14T15:00:00+00:00,230.0,2.0,119.8,25.0,40.2,0.0,450.0,0,0,0,0.6666666666666666,residential
DL005,28.6364,77.201,2024-11-14T15:00:00+00:00,200.0,2.0,119.8,25.0,40.2,0.0,450.0,0,0,0,0.5476190476190477,agricultural
DL001,28.6476,77.3158,2024-11-14T16:00:00+00:00,295.0,2.0,105.7,24.6,41.5,0.0,450.0,0,0,0,1.0,mixed
DL002,28.8228,77.0943,2024-11-14T16:00:00+00:00,255.0,2.0,105.7,24.6,41.5,0.0,450.0,0,0,0,0.40476190476190477,industrial
DL003,28.7972,77.0589,2024-11-14T16:00:00+00:00,215.0,2.0,105.7,24.6,41.5,0.0,450.0,0,0,0,0.2857142857142857,agricultural
DL004,28.566,77.1866,2024-11-14T16:00:00+00:00,195.0,2.0,105.7,24.6,41.5,0.0,450.0,0,0,0,0.6666666666666666,residential
DL005,28.6364,77.201,2024-11-14T16:00:00+00:00,165.0,2.0,105.7,24.6,41.5,0.0,450.0,0,0,0,0.5476190476190477,agricultural
DL001,28.6476,77.3158,2024-11-14T17:00:00+00:00,295.0,1.9,95.6,24.0,44.1,0.0,450.0,0,0,0,1.0,mixed
DL002,28.8228,77.0943,2024-11-14T17:00:00+00:00,255.0,1.9,95.6,24.0,44.1,0.0,450.0,0,0,0,0.40476190476190477,industrial
DL003,28.7972,77.0589,2024-11-14T17:00:00+00:00,215.0,1.9,95.6,24.0,44.1,0.0,450.0,0,0,0,0.2857142857142857,agricultural
DL004,28.566,77.1866,2024-11-14T17:00:00+00:00,195.0,1.9,95.6,24.0,44.1,0.0,450.0,0,0,0,0.6666666666666666,residential
DL005,28.6364,77.201,2024-11-14T17:00:00+00:00,165.0,1.9,95.6,24.0,44.1,0.0,450.0,0,0,0,0.5476190476190477,agricultural
DL001,28.6476,77.3158,2024-11-14T18:00:00+00:00,295.0,1.7,98.7,23.0,47.8,0.0,450.0,0,0,0,1.0,mixed
DL002,28.8228,77.0943,2024-11-14T18:00:00+00:00,255.0,1.7,98.7,23.0,47.8,0.0,450.0,0,0,0,0.40476190476190477,industrial
DL003,28.7972,77.0589,2024-11-14T18:00:00+00:00,215.0,1.7,98.7,23.0,47.8,0.0,450.0,0,0,0,0.2857142857142857,agricultural
DL004,28.566,77.1866,2024-11-14T18:00:00+00:00,195.0,1.7,98.7,23.0,47.8,0.0,450.0,0,0,0,0.6666666666666666,residential
DL005,28.6364,77.201,2024-11-14T18:00:00+00:00,165.0,1.7,98.7,23.0,47.8,0.0,450.0,0,0,0,0.5476190476190477,agricultural
DL001,28.6476,77.3158,2024-11-14T19:00:00+00:00,295.0,1.5,112.2,21.9,52.3,0.0,450.0,0,0,0,1.0,mixed
DL002,28.8228,77.0943,2024-11-14T19:00:00+00:00,255.0,1.5,112.2,21.9,52.3,0.0,450.0,0,0,0,0.40476190476190477,industrial
DL003,28.7972,77.0589,2024-11-14T19:00:00+00:00,215.0,1.5,112.2,21.9,52.3,0.0,450.0,0,0,0,0.2857142857142857,agricultural
DL004,28.566,77.1866,2024-11-14T19:00:00+00:00,195.0,1.5,112.2,21.9,52.3,0.0,450.0,0,0,0,0.6666666666666666,residential
DL005,28.6364,77.201,2024-11-14T19:00:00+00:00,165.0,1.5,112.2,21.9,52.3,0.0,450.0,0,0,0,0.5476190476190477,agricultural
DL001,28.6476,77.3158,2024-11-14T20:00:00+00:00,295.0,1.2,123.7,20.7,57.4,0.0,450.0,0,0,0,1.0,mixed
DL002,28.8228,77.0943,2024-11-14T20:00:00+00:00,255.0,1.2,123.7,20.7,57.4,0.0,450.0,0,0,0,0.40476190476190477,industrial
DL003,28.7972,77.0589,2024-11-14T20:00:00+00:00,215.0,1.2,123.7,20.7,57.4,0.0,450.0,0,0,0,0.2857142857142857,agricultural
DL004,28.566,77.1866,2024-11-14T20:00:00+00:00,195.0,1.2,123.7,20.7,57.4,0.0,450.0,0,0,0,0.6666666666666666,residential
DL005,28.6364,77.201,2024-11-14T20:00:00+00:00,165.0,1.2,123.7,20.7,57.4,0.0,450.0,0,0,0,0.5476190476190477,agricultural
DL001,28.6476,77.3158,2024-11-14T21:00:00+00:00,295.0,1.1,122.5,19.3,62.6,0.0,450.0,0,0,0,1.0,mixed
DL002,28.8228,77.0943,2024-11-14T21:00:00+00:00,255.0,1.1,122.5,19.3,62.6,0.0,450.0,0,0,0,0.40476190476190477,industrial
DL003,28.7972,77.0589,2024-11-14T21:00:00+00:00,215.0,1.1,122.5,19.3,62.6,0.0,450.0,0,0,0,0.2857142857142857,agricultural
DL004,28.566,77.1866,2024-11-14T21:00:00+00:00,195.0,1.1,122.5,19.3,62.6,0.0,450.0,0,0,0,0.6666666666666666,residential
DL005,28.6364,77.201,2024-11-14T21:00:00+00:00,165.0,1.1,122.5,19.3,62.6,0.0,450.0,0,0,0,0.5476190476190477,agricultural
DL001,28.6476,77.3158,2024-11-14T22:00:00+00:00,295.0,1.0,109.9,18.1,67.7,0.0,450.0,0,0,0,1.0,mixed
DL002,28.8228,77.0943,2024-11-14T22:00:00+00:00,255.0,1.0,109.9,18.1,67.7,0.0,450.0,0,0,0,0.40476190476190477,industrial
DL003,28.7972,77.0589,2024-11-14T22:00:00+00:00,215.0,1.0,109.9,18.1,67.7,0.0,450.0,0,0,0,0.2857142857142857,agricultural
DL004,28.566,77.1866,2024-11-14T22:00:00+00:00,195.0,1.0,109.9,18.1,67.7,0.0,450.0,0,0,0,0.6666666666666666,residential
DL005,28.6364,77.201,2024-11-14T22:00:00+00:00,165.0,1.0,109.9,18.1,67.7,0.0,450.0,0,0,0,0.5476190476190477,agricultural
DL001,28.6476,77.3158,2024-11-14T23:00:00+00:00,295.0,1.1,97.3,17.0,72.2,0.0,450.0,0,0,0,1.0,mixed
DL002,28.8228,77.0943,2024-11-14T23:00:00+00:00,255.0,1.1,97.3,17.0,72.2,0.0,450.0,0,0,0,0.40476190476190477,industrial
DL003,28.7972,77.0589,2024-11-14T23:00:00+00:00,215.0,1.1,97.3,17.0,72.2,0.0,450.0,0,0,0,0.2857142857142857,agricultural
DL004,28.566,77.1866,2024-11-14T23:00:00+00:00,195.0,1.1,97.3,17.0,72.2,0.0,450.0,0,0,0,0.6666666666666666,residential
DL005,28.6364,77.201,2024-11-14T23:00:00+00:00,165.0,1.1,97.3,17.0,72.2,0.0,450.0,0,0,0,0.5476190476190477,agricultural
DL001,28.6476,77.3158,2024-11-15T00:00:00+00:00,310.0,1.5,110.0,16.0,75.9,0.0,450.0,0,0,0,1.0,mixed
DL002,28.8228,77.0943,2024-11-15T00:00:00+00:00,270.0,1.5,110.0,16.0,75.9,0.0,450.0,0,0,0,0.40476190476190477,industrial
DL003,28.7972,77.0589,2024-11-15T00:00:00+00:00,230.0,1.5,110.0,16.0,75.9,0.0,450.0,0,0,0,0.2857142857142857,agricultural
DL004,28.566,77.1866,2024-11-15T00:00:00+00:00,210.0,1.5,110.0,16.0,75.9,0.0,450.0,0,0,0,0.6666666666666666,residential
DL005,28.6364,77.201,2024-11-15T00:00:00+00:00,180.0,1.5,110.0,16.0,75.9,0.0,450.0,0,0,0,0.5476190476190477,agricultural
DL001,28.6476,77.3158,2024-11-15T01:00:00+00:00,310.0,1.7,122.6,15.4,78.5,0.0,450.0,0,0,0,1.0,mixed
DL002,28.8228,77.0943,2024-11-15T01:00:00+00:00,270.0,1.7,122.6,15.4,78.5,0.0,450.0,0,0,0,0.40476190476190477,industrial
DL003,28.7972,77.0589,2024-11-15T01:00:00+00:00,230.0,1.7,122.6,15.4,78.5,0.0,450.0,0,0,0,0.2857142857142857,agricultural
DL004,28.566,77.1866,2024-11-15T01:00:00+00:00,210.0,1.7,122.6,15.4,78.5,0.0,450.0,0,0,0,0.6666666666666666,residential
DL005,28.6364,77.201,2024-11-15T01:00:00+00:00,180.0,1.7,122.6,15.4,78.5,0.0,450.0,0,0,0,0.5476190476190477,agricultural
DL001,28.6476,77.3158,2024-11-15T02:00:00+00:00,310.0,1.9,123.6,15.0,79.8,0.0,450.0,0,0,0,1.0,mixed
DL002,28.8228,77.0943,2024-11-15T02:00:00+00:00,270.0,1.9,123.6,15.0,79.8,0.0,450.0,0,0,0,0.40476190476190477,industrial
DL003,28.7972,77.0589,2024-11-15T02:00:00+00:00,230.0,1.9,123.6,15.0,79.8,0.0,450.0,0,0,0,0.2857142857142857,agricultural
DL004,28.566,77.1866,2024-11-15T02:00:00+00:00,210.0,1.9,123.6,15.0,79.8,0.0,450.0,0,0,0,0.6666666666666666,residential
DL005,28.6364,77.201,2024-11-15T02:00:00+00:00,180.0,1.9,123.6,15.0,79.8,0.0,450.0,0,0,0,0.5476190476190477,agricultural
DL001,28.6476,77.3158,2024-11-15T03:00:00+00:00,345.0,2.0,112.1,15.0,79.8,0.0,450.0,0,0,0,1.0,mixed
DL002,28.8228,77.0943,2024-11-15T03:00:00+00:00,305.0,2.0,112.1,15.0,79.8,0.0,450.0,0,0,0,0.40476190476190477,industrial
DL003,28.7972,77.0589,2024-11-15T03:00:00+00:00,265.0,2.0,112.1,15.0,79.8,0.0,450.0,0,0,0,0.2857142857142857,agricultural
DL004,28.566,77.1866,2024-11-15T03:00:00+00:00,245.0,2.0,112.1,15.0,79.8,0.0,450.0,0,0,0,0.6666666666666666,residential
DL005,28.6364,77.201,2024-11-15T03:00:00+00:00,215.0,2.0,112.1,15.0,79.8,0.0,450.0,0,0,0,0.5476190476190477,agricultural
DL001,28.6476,77.3158,2024-11-15T04:00:00+00:00,345.0,2.0,98.6,15.4,78.5,0.0,450.0,0,0,0,1.0,mixed
DL002,28.8228,77.0943,2024-11-15T04:00:00+00:00,305.0,2.0,98.6,15.4,78.5,0.0,450.0,0,0,0,0.40476190476190477,industrial
DL003,28.7972,77.0589,2024-11-15T04:00:00+00:00,265.0,2.0,98.6,15.4,78.5,0.0,450.0,0,0,0,0.2857142857142857,agricultural
DL004,28.566,77.1866,2024-11-15T04:00:00+00:00,245.0,2.0,98.6,15.4,78.5,0.0,450.0,0,0,0,0.6666666666666666,residential
DL005,28.6364,77.201,2024-11-15T04:00:00+00:00,215.0,2.0,98.6,15.4,78.5,0.0,450.0,0,0,0,0.5476190476190477,agricultural
DL001,28.6476,77.3158,2024-11-15T05:00:00+00:00,310.0,1.8,95.6,16.0,75.9,0.0,450.0,0,0,0,1.0,mixed
DL002,28.8228,77.0943,2024-11-15T05:00:00+00:00,270.0,1.8,95.6,16.0,75.9,0.0,450.0,0,0,0,0.40476190476190477,industrial
DL003,28.7972,77.0589,2024-11-15T05:00:00+00:00,230.0,1.8,95.6,16.0,75.9,0.0,450.0,0,0,0,0.2857142857142857,agricultural
DL004,28.566,77.1866,2024-11-15T05:00:00+00:00,210.0,1.8,95.6,16.0,75.9,0.0,450.0,0,0,0,0.6666666666666666,residential
DL005,28.6364,77.201,2024-11-15T05:00:00+00:00,180.0,1.8,95.6,16.0,75.9,0.0,450.0,0,0,0,0.5476190476190477,agricultural
DL001,28.6476,77.3158,2024-11-15T06:00:00+00:00,310.0,1.6,105.8,17.0,72.2,0.0,450.0,0,0,0,1.0,mixed
DL002,28.8228,77.0943,2024-11-15T06:00:00+00:00,270.0,1.6,105.8,17.0,72.2,0.0,450.0,0,0,0,0.40476190476190477,industrial
DL003,28.7972,77.0589,2024-11-15T06:00:00+00:00,230.0,1.6,105.8,17.0,72.2,0.0,450.0,0,0,0,0.2857142857142857,agricultural
DL004,28.566,77.1866,2024-11-15T06:00:00+00:00,210.0,1.6,105.8,17.0,72.2,0.0,450.0,0,0,0,0.6666666666666666,residential
DL005,28.6364,77.201,2024-11-15T06:00:00+00:00,180.0,1.6,105.8,17.0,72.2,0.0,450.0,0,0,0,0.5476190476190477,agricultural
DL001,28.6476,77.3158,2024-11-15T07:00:00+00:00,310.0,1.3,119.9,18.1,67.7,0.0,450.0,0,0,0,1.0,mixed
DL002,28.8228,77.0943,2024-11-15T07:00:00+00:00,270.0,1.3,119.9,18.1,67.7,0.0,450.0,0,0,0,0.40476190476190477,industrial
DL003,28.7972,77.0589,2024-11-15T07:00:00+00:00,230.0,1.3,119.9,18.1,67.7,0.0,450.0,0,0,0,0.2857142857142857,agricultural
DL004,28.566,77.1866,2024-11-15T07:00:00+00:00,210.0,1.3,119.9,18.1,67.7,0.0,450.0,0,0,0,0.6666666666666666,residential
DL005,28.6364,77.201,2024-11-15T07:00:00+00:00,180.0,1.3,119.9,18.1,67.7,0.0,450.0,0,0,0,0.5476190476190477,agricultural
DL001,28.6476,77.3158,2024-11-15T08:00:00+00:00,310.0,1.1,124.8,19.3,62.6,0.0,450.0,0,0,0,1.0,mixed
DL002,28.8228,77.0943,2024-11-15T08:00:00+00:00,270.0,1.1,124.8,19.3,62.6,0.0,450.0,0,0,0,0.40476190476190477,industrial
DL003,28.7972,77.0589,2024-11-15T08:00:00+00:00,230.0,1.1,124.8,19.3,62.6,0.0,450.0,0,0,0,0.2857142857142857,agricultural
DL004,28.566,77.1866,2024-11-15T08:00:00+00:00,210.0,1.1,124.8,19.3,62.6,0.0,450.0,0,0,0,0.6666666666666666,residential
DL005,28.6364,77.201,2024-11-15T08:00:00+00:00,180.0,1.1,124.8,19.3,62.6,0.0,450.0,0,0,0,0.5476190476190477,agricultural
DL001,28.6476,77.3158,2024-11-15T09:00:00+00:00,310.0,1.0,116.2,20.7,57.4,0.0,450.0,0,0,0,1.0,mixed
DL002,28.8228,77.0943,2024-11-15T09:00:00+00:00,270.0,1.0,116.2,20.7,57.4,0.0,450.0,0,0,0,0.40476190476190477,industrial
DL003,28.7972,77.0589,2024-11-15T09:00:00+00:00,230.0,1.0,116.2,20.7,57.4,0.0,450.0,0,0,0,0.2857142857142857,agricultural
DL004,28.566,77.1866,2024-11-15T09:00:00+00:00,210.0,1.0,116.2,20.7,57.4,0.0,450.0,0,0,0,0.6666666666666666,residential
DL005,28.6364,77.201,2024-11-15T09:00:00+00:00,180.0,1.0,116.2,20.7,57.4,0.0,450.0,0,0,0,0.5476190476190477,agricultural
DL001,28.6476,77.3158,2024-11-15T10:00:00+00:00,310.0,1.0,101.8,21.9,52.3,0.0,450.0,0,0,0,1.0,mixed
DL002,28.8228,77.0943,2024-11-15T10:00:00+00:00,270.0,1.0,101.8,21.9,52.3,0.0,450.0,0,0,0,0.40476190476190477,industrial
DL003,28.7972,77.0589,2024-11-15T10:00:00+00:00,230.0,1.0,101.8,21.9,52.3,0.0,450.0,0,0,0,0.2857142857142857,agricultural
DL004,28.566,77.1866,2024-11-15T10:00:00+00:00,210.0,1.0,101.8,21.9,52.3,0.0,450.0,0,0,0,0.6666666666666666,residential
DL005,28.6364,77.201,2024-11-15T10:00:00+00:00,180.0,1.0,101.8,21.9,52.3,0.0,450.0,0,0,0,0.5476190476190477,agricultural
DL001,28.6476,77.3158,2024-11-15T11:00:00+00:00,310.0,1.1,95.0,23.0,47.8,0.0,450.0,0,0,0,1.0,mixed
DL002,28.8228,77.0943,2024-11-15T11:00:00+00:00,270.0,1.1,95.0,23.0,47.8,0.0,450.0,0,0,0,0.40476190476190477,industrial
DL003,28.7972,77.0589,2024-11-15T11:00:00+00:00,230.0,1.1,95.0,23.0,47.8,0.0,450.0,0,0,0,0.2857142857142857,agricultural
DL004,28.566,77.1866,2024-11-15T11:00:00+00:00,210.0,1.1,95.0,23.0,47.8,0.0,450.0,0,0,0,0.6666666666666666,residential
DL005,28.6364,77.201,2024-11-15T11:00:00+00:00,180.0,1.1,95.0,23.0,47.8,0.0,450.0,0,0,0,0.5476190476190477,agricultural
DL001,28.6476,77.3158,2024-11-15T12:00:00+00:00,310.0,1.4,102.0,24.0,44.1,0.0,450.0,0,0,0,1.0,mixed
DL002,28.8228,77.0943,2024-11-15T12:00:00+00:00,270.0,1.4,102.0,24.0,44.1,0.0,450.0,0,0,0,0.40476190476190477,industrial
DL003,28.7972,77.0589,2024-11-15T12:00:00+00:00,230.0,1.4,102.0,24.0,44.1,0.0,450.0,0,0,0,0.2857142857142857,agricultural
DL004,28.566,77.1866,2024-11-15T12:00:00+00:00,210.0,1.4,102.0,24.0,44.1,0.0,450.0,0,0,0,0.6666666666666666,residential
DL005,28.6364,77.201,2024-11-15T12:00:00+00:00,180.0,1.4,102.0,24.0,44.1,0.0,450.0,0,0,0,0.5476190476190477,agricultural
DL001,28.6476,77.3158,2024-11-15T13:00:00+00:00,310.0,1.6,116.3,24.6,41.5,0.0,450.0,0,0,0,1.0,mixed
DL002,28.8228,77.0943,2024-11-15T13:00:00+00:00,270.0,1.6,116.3,24.6,41.5,0.0,450.0,0,0,0,0.40476190476190477,industrial
DL003,28.7972,77.0589,2024-11-15T13:00:00+00:00,230.0,1.6,116.3,24.6,41.5,0.0,450.0,0,0,0,0.2857142857142857,agricultural
DL004,28.566,77.1866,2024-11-15T13:00:00+00:00,210.0,1.6,116.3,24.6,41.5,0.0,450.0,0,0,0,0.6666666666666666,residential
DL005,28.6364,77.201,2024-11-15T13:00:00+00:00,180.0,1.6,116.3,24.6,41.5,0.0,450.0,0,0,0,0.5476190476190477,agricultural
DL001,28.6476,77.3158,2024-11-15T14:00:00+00:00,345.0,1.8,124.9,25.0,40.2,0.0,450.0,0,0,0,1.0,mixed
DL002,28.8228,77.0943,2024-11-15T14:00:00+00:00,305.0,1.8,124.9,25.0,40.2,0.0,450.0,0,0,0,0.40476190476190477,industrial
DL003,28.7972,77.0589,2024-11-15T14:00:00+00:00,265.0,1.8,124.9,25.0,40.2,0.0,450.0,0,0,0,0.2857142857142857,agricultural
DL004,28.566,77.1866,2024-11-15T14:00:00+00:00,245.0,1.8,124.9,25.0,40.2,0.0,450.0,0,0,0,0.6666666666666666,residential
DL005,28.6364,77.201,2024-11-15T14:00:00+00:00,215.0,1.8,124.9,25.0,40.2,0.0,450.0,0,0,0,0.5476190476190477,agricultural
DL001,28.6476,77.3158,2024-11-15T15:00:00+00:00,345.0,2.0,119.8,25.0,40.2,0.0,450.0,0,0,0,1.0,mixed
DL002,28.8228,77.0943,2024-11-15T15:00:00+00:00,305.0,2.0,119.8,25.0,40.2,0.0,450.0,0,0,0,0.40476190476190477,industrial
DL003,28.7972,77.0589,2024-11-15T15:00:00+00:00,265.0,2.0,119.8,25.0,40.2,0.0,450.0,0,0,0,0.2857142857142857,agricultural
DL004,28.566,77.1866,2024-11-15T15:00:00+00:00,245.0,2.0,119.8,25.0,40.2,0.0,450.0,0,0,0,0.6666666666666666,residential
DL005,28.6364,77.201,2024-11-15T15:00:00+00:00,215.0,2.0,119.8,25.0,40.2,0.0,450.0,0,0,0,0.5476190476190477,agricultural
DL001,28.6476,77.3158,2024-11-15T16:00:00+00:00,310.0,2.0,105.7,24.6,41.5,0.0,450.0,0,0,0,1.0,mixed
DL002,28.8228,77.0943,2024-11-15T16:00:00+00:00,270.0,2.0,105.7,24.6,41.5,0.0,450.0,0,0,0,0.40476190476190477,industrial
DL003,28.7972,77.0589,2024-11-15T16:00:00+00:00,230.0,2.0,105.7,24.6,41.5,0.0,450.0,0,0,0,0.2857142857142857,agricultural
DL004,28.566,77.1866,2024-11-15T16:00:00+00:00,210.0,2.0,105.7,24.6,41.5,0.0,450.0,0,0,0,0.6666666666666666,residential
DL005,28.6364,77.201,2024-11-15T16:00:00+00:00,180.0,2.0,105.7,24.6,41.5,0.0,450.0,0,0,0,0.5476190476190477,agricultural
DL001,28.6476,77.3158,2024-11-15T17:00:00+00:00,310.0,1.9,95.6,24.0,44.1,0.0,450.0,0,0,0,1.0,mixed
DL002,28.8228,77.0943,2024-11-15T17:00:00+00:00,270.0,1.9,95.6,24.0,44.1,0.0,450.0,0,0,0,0.40476190476190477,industrial
DL003,28.7972,77.0589,2024-11-15T17:00:00+00:00,230.0,1.9,95.6,24.0,44.1,0.0,450.0,0,0,0,0.2857142857142857,agricultural
DL004,28.566,77.1866,2024-11-15T17:00:00+00:00,210.0,1.9,95.6,24.0,44.1,0.0,450.0,0,0,0,0.6666666666666666,residential
DL005,28.6364,77.201,2024-11-15T17:00:00+00:00,180.0,1.9,95.6,24.0,44.1,0.0,450.0,0,0,0,0.5476190476190477,agricultural
DL001,28.6476,77.3158,2024-11-15T18:00:00+00:00,310.0,1.7,98.7,23.0,47.8,0.0,450.0,0,0,0,1.0,mixed
DL002,28.8228,77.0943,2024-11-15T18:00:00+00:00,270.0,1.7,98.7,23.0,47.8,0.0,450.0,0,0,0,0.40476190476190477,industrial
DL003,28.7972,77.0589,2024-11-15T18:00:00+00:00,230.0,1.7,98.7,23.0,47.8,0.0,450.0,0,0,0,0.2857142857142857,agricultural
DL004,28.566,77.1866,2024-11-15T18:00:00+00:00,210.0,1.7,98.7,23.0,47.8,0.0,450.0,0,0,0,0.6666666666666666,residential
DL005,28.6364,77.201,2024-11-15T18:00:00+00:00,180.0,1.7,98.7,23.0,47.8,0.0,450.0,0,0,0,0.5476190476190477,agricultural
DL001,28.6476,77.3158,2024-11-15T19:00:00+00:00,310.0,1.5,112.2,21.9,52.3,0.0,450.0,0,0,0,1.0,mixed
DL002,28.8228,77.0943,2024-11-15T19:00:00+00:00,270.0,1.5,112.2,21.9,52.3,0.0,450.0,0,0,0,0.40476190476190477,industrial
DL003,28.7972,77.0589,2024-11-15T19:00:00+00:00,230.0,1.5,112.2,21.9,52.3,0.0,450.0,0,0,0,0.2857142857142857,agricultural
DL004,28.566,77.1866,2024-11-15T19:00:00+00:00,210.0,1.5,112.2,21.9,52.3,0.0,450.0,0,0,0,0.6666666666666666,residential
DL005,28.6364,77.201,2024-11-15T19:00:00+00:00,180.0,1.5,112.2,21.9,52.3,0.0,450.0,0,0,0,0.5476190476190477,agricultural
DL001,28.6476,77.3158,2024-11-15T20:00:00+00:00,310.0,1.2,123.7,20.7,57.4,0.0,450.0,0,0,0,1.0,mixed
DL002,28.8228,77.0943,2024-11-15T20:00:00+00:00,270.0,1.2,123.7,20.7,57.4,0.0,450.0,0,0,0,0.40476190476190477,industrial
DL003,28.7972,77.0589,2024-11-15T20:00:00+00:00,230.0,1.2,123.7,20.7,57.4,0.0,450.0,0,0,0,0.2857142857142857,agricultural
DL004,28.566,77.1866,2024-11-15T20:00:00+00:00,210.0,1.2,123.7,20.7,57.4,0.0,450.0,0,0,0,0.6666666666666666,residential
DL005,28.6364,77.201,2024-11-15T20:00:00+00:00,180.0,1.2,123.7,20.7,57.4,0.0,450.0,0,0,0,0.5476190476190477,agricultural
DL001,28.6476,77.3158,2024-11-15T21:00:00+00:00,310.0,1.1,122.5,19.3,62.6,0.0,450.0,0,0,0,1.0,mixed
DL002,28.8228,77.0943,2024-11-15T21:00:00+00:00,270.0,1.1,122.5,19.3,62.6,0.0,450.0,0,0,0,0.40476190476190477,industrial
DL003,28.7972,77.0589,2024-11-15T21:00:00+00:00,230.0,1.1,122.5,19.3,62.6,0.0,450.0,0,0,0,0.2857142857142857,agricultural
DL004,28.566,77.1866,2024-11-15T21:00:00+00:00,210.0,1.1,122.5,19.3,62.6,0.0,450.0,0,0,0,0.6666666666666666,residential
DL005,28.6364,77.201,2024-11-15T21:00:00+00:00,180.0,1.1,122.5,19.3,62.6,0.0,450.0,0,0,0,0.5476190476190477,agricultural
DL001,28.6476,77.3158,2024-11-15T22:00:00+00:00,310.0,1.0,109.9,18.1,67.7,0.0,450.0,0,0,0,1.0,mixed
DL002,28.8228,77.0943,2024-11-15T22:00:00+00:00,270.0,1.0,109.9,18.1,67.7,0.0,450.0,0,0,0,0.40476190476190477,industrial
DL003,28.7972,77.0589,2024-11-15T22:00:00+00:00,230.0,1.0,109.9,18.1,67.7,0.0,450.0,0,0,0,0.2857142857142857,agricultural
DL004,28.566,77.1866,2024-11-15T22:00:00+00:00,210.0,1.0,109.9,18.1,67.7,0.0,450.0,0,0,0,0.6666666666666666,residential
DL005,28.6364,77.201,2024-11-15T22:00:00+00:00,180.0,1.0,109.9,18.1,67.7,0.0,450.0,0,0,0,0.5476190476190477,agricultural
DL001,28.6476,77.3158,2024-11-15T23:00:00+00:00,310.0,1.1,97.3,17.0,72.2,0.0,450.0,0,0,0,1.0,mixed
DL002,28.8228,77.0943,2024-11-15T23:00:00+00:00,270.0,1.1,97.3,17.0,72.2,0.0,450.0,0,0,0,0.40476190476190477,industrial
DL003,28.7972,77.0589,2024-11-15T23:00:00+00:00,230.0,1.1,97.3,17.0,72.2,0.0,450.0,0,0,0,0.2857142857142857,agricultural
DL004,28.566,77.1866,2024-11-15T23:00:00+00:00,210.0,1.1,97.3,17.0,72.2,0.0,450.0,0,0,0,0.6666666666666666,residential
DL005,28.6364,77.201,2024-11-15T23:00:00+00:00,180.0,1.1,97.3,17.0,72.2,0.0,450.0,0,0,0,0.5476190476190477,agricultural
DL001,28.6476,77.3158,2024-11-16T00:00:00+00:00,325.0,1.2,200.0,16.0,75.9,0.0,450.0,0,0,0,1.0,mixed
DL002,28.8228,77.0943,2024-11-16T00:00:00+00:00,285.0,1.2,200.0,16.0,75.9,0.0,450.0,0,0,0,0.40476190476190477,industrial
DL003,28.7972,77.0589,2024-11-16T00:00:00+00:00,245.0,1.2,200.0,16.0,75.9,0.0,450.0,0,0,0,0.2857142857142857,agricultural
DL004,28.566,77.1866,2024-11-16T00:00:00+00:00,225.0,1.2,200.0,16.0,75.9,0.0,450.0,0,0,0,0.6666666666666666,residential
DL005,28.6364,77.201,2024-11-16T00:00:00+00:00,195.0,1.2,200.0,16.0,75.9,0.0,450.0,0,0,0,0.5476190476190477,agricultural
DL001,28.6476,77.3158,2024-11-16T01:00:00+00:00,325.0,1.3,225.2,15.4,78.5,0.0,450.0,0,0,0,1.0,mixed
DL002,28.8228,77.0943,2024-11-16T01:00:00+00:00,285.0,1.3,225.2,15.4,78.5,0.0,450.0,0,0,0,0.40476190476190477,industrial
DL003,28.7972,77.0589,2024-11-16T01:00:00+00:00,245.0,1.3,225.2,15.4,78.5,0.0,450.0,0,0,0,0.2857142857142857,agricultural
DL004,28.566,77.1866,2024-11-16T01:00:00+00:00,225.0,1.3,225.2,15.4,78.5,0.0,450.0,0,0,0,0.6666666666666666,residential
DL005,28.6364,77.201,2024-11-16T01:00:00+00:00,195.0,1.3,225.2,15.4,78.5,0.0,450.0,0,0,0,0.5476190476190477,agricultural
DL001,28.6476,77.3158,2024-11-16T02:00:00+00:00,325.0,1.5,227.3,15.0,79.8,0.0,450.0,0,0,0,1.0,mixed
DL002,28.8228,77.0943,2024-11-16T02:00:00+00:00,285.0,1.5,227.3,15.0,79.8,0.0,450.0,0,0,0,0.40476190476190477,industrial
DL003,28.7972,77.0589,2024-11-16T02:00:00+00:00,245.0,1.5,227.3,15.0,79.8,0.0,450.0,0,0,0,0.2857142857142857,agricultural
DL004,28.566,77.1866,2024-11-16T02:00:00+00:00,225.0,1.5,227.3,15.0,79.8,0.0,450.0,0,0,0,0.6666666666666666,residential
DL005,28.6364,77.201,2024-11-16T02:00:00+00:00,195.0,1.5,227.3,15.0,79.8,0.0,450.0,0,0,0,0.5476190476190477,agricultural
DL001,28.6476,77.3158,2024-11-16T03:00:00+00:00,360.0,1.5,204.2,15.0,79.8,0.0,450.0,0,0,0,1.0,mixed
DL002,28.8228,77.0943,2024-11-16T03:00:00+00:00,320.0,1.5,204.2,15.0,79.8,0.0,450.0,0,0,0,0.40476190476190477,industrial
DL003,28.7972,77.0589,2024-11-16T03:00:00+00:00,280.0,1.5,204.2,15.0,79.8,0.0,450.0,0,0,0,0.2857142857142857,agricultural
DL004,28.566,77.1866,2024-11-16T03:00:00+00:00,260.0,1.5,204.2,15.0,79.8,0.0,450.0,0,0,0,0.6666666666666666,residential
DL005,28.6364,77.201,2024-11-16T03:00:00+00:00,230.0,1.5,204.2,15.0,79.8,0.0,450.0,0,0,0,0.5476190476190477,agricultural
DL001,28.6476,77.3158,2024-11-16T04:00:00+00:00,360.0,1.5,177.3,15.4,78.5,0.0,450.0,0,0,0,1.0,mixed
DL002,28.8228,77.0943,2024-11-16T04:00:00+00:00,320.0,1.5,177.3,15.4,78.5,0.0,450.0,0,0,0,0.40476190476190477,industrial
DL003,28.7972,77.0589,2024-11-16T04:00:00+00:00,280.0,1.5,177.3,15.4,78.5,0.0,450.0,0,0,0,0.2857142857142857,agricultural
DL004,28.566,77.1866,2024-11-16T04:00:00+00:00,260.0,1.5,177.3,15.4,78.5,0.0,450.0,0,0,0,0.6666666666666666,residential
DL005,28.6364,77.201,2024-11-16T04:00:00+00:00,230.0,1.5,177.3,15.4,78.5,0.0,450.0,0,0,0,0.5476190476190477,agricultural
DL001,28.6476,77.3158,2024-11-16T05:00:00+00:00,325.0,1.4,171.2,16.0,75.9,0.0,450.0,0,0,0,1.0,mixed
DL002,28.8228,77.0943,2024-11-16T05:00:00+00:00,285.0,1.4,171.2,16.0,75.9,0.0,450.0,0,0,0,0.40476190476190477,industrial
DL003,28.7972,77.0589,2024-11-16T05:00:00+00:00,245.0,1.4,171.2,16.0,75.9,0.0,450.0,0,0,0,0.2857142857142857,agricultural
DL004,28.566,77.1866,2024-11-16T05:00:00+00:00,225.0,1.4,171.2,16.0,75.9,0.0,450.0,0,0,0,0.6666666666666666,residential
DL005,28.6364,77.201,2024-11-16T05:00:00+00:00,195.0,1.4,171.2,16.0,75.9,0.0,450.0,0,0,0,0.5476190476190477,agricultural
DL001,28.6476,77.3158,2024-11-16T06:00:00+00:00,325.0,1.2,191.6,17.0,72.2,0.0,450.0,0,0,0,1.0,mixed
DL002,28.8228,77.0943,2024-11-16T06:00:00+00:00,285.0,1.2,191.6,17.0,72.2,0.0,450.0,0,0,0,0.40476190476190477,industrial
DL003,28.7972,77.0589,2024-11-16T06:00:00+00:00,245.0,1.2,191.6,17.0,72.2,0.0,450.0,0,0,0,0.2857142857142857,agricultural
DL004,28.566,77.1866,2024-11-16T06:00:00+00:00,225.0,1.2,191.6,17.0,72.2,0.0,450.0,0,0,0,0.6666666666666666,residential
DL005,28.6364,77.201,2024-11-16T06:00:00+00:00,195.0,1.2,191.6,17.0,72.2,0.0,450.0,0,0,0,0.5476190476190477,agricultural
DL001,28.6476,77.3158,2024-11-16T07:00:00+00:00,325.0,1.1,219.7,18.1,67.7,0.0,450.0,0,0,0,1.0,mixed
DL002,28.8228,77.0943,2024-11-16T07:00:00+00:00,285.0,1.1,219.7,18.1,67.7,0.0,450.0,0,0,0,0.40476190476190477,industrial
DL003,28.7972,77.0589,2024-11-16T07:00:00+00:00,245.0,1.1,219.7,18.1,67.7,0.0,450.0,0,0,0,0.2857142857142857,agricultural
DL004,28.566,77.1866,2024-11-16T07:00:00+00:00,225.0,1.1,219.7,18.1,67.7,0.0,450.0,0,0,0,0.6666666666666666,residential
DL005,28.6364,77.201,2024-11-16T07:00:00+00:00,195.0,1.1,219.7,18.1,67.7,0.0,450.0,0,0,0,0.5476190476190477,agricultural
DL001,28.6476,77.3158,2024-11-16T08:00:00+00:00,325.0,1.0,229.7,19.3,62.6,0.0,450.0,0,0,0,1.0,mixed
DL002,28.8228,77.0943,2024-11-16T08:00:00+00:00,285.0,1.0,229.7,19.3,62.6,0.0,450.0,0,0,0,0.40476190476190477,industrial
DL003,28.7972,77.0589,2024-11-16T08:00:00+00:00,245.0,1.0,229.7,19.3,62.6,0.0,450.0,0,0,0,0.2857142857142857,agricultural
DL004,28.566,77.1866,2024-11-16T08:00:00+00:00,225.0,1.0,229.7,19.3,62.6,0.0,450.0,0,0,0,0.6666666666666666,residential
DL005,28.6364,77.201,2024-11-16T08:00:00+00:00,195.0,1.0,229.7,19.3,62.6,0.0,450.0,0,0,0,0.5476190476190477,agricultural
DL001,28.6476,77.3158,2024-11-16T09:00:00+00:00,325.0,0.9,212.4,20.7,57.4,0.0,450.0,0,0,0,1.0,mixed
DL002,28.8228,77.0943,2024-11-16T09:00:00+00:00,285.0,0.9,212.4,20.7,57.4,0.0,450.0,0,0,0,0.40476190476190477,industrial
DL003,28.7972,77.0589,2024-11-16T09:00:00+00:00,245.0,0.9,212.4,20.7,57.4,0.0,450.0,0,0,0,0.2857142857142857,agricultural
DL004,28.566,77.1866,2024-11-16T09:00:00+00:00,225.0,0.9,212.4,20.7,57.4,0.0,450.0,0,0,0,0.6666666666666666,residential
DL005,28.6364,77.201,2024-11-16T09:00:00+00:00,195.0,0.9,212.4,20.7,57.4,0.0,450.0,0,0,0,0.5476190476190477,agricultural
DL001,28.6476,77.3158,2024-11-16T10:00:00+00:00,325.0,0.9,183.7,21.9,52.3,0.0,450.0,0,0,0,1.0,mixed
DL002,28.8228,77.0943,2024-11-16T10:00:00+00:00,285.0,0.9,183.7,21.9,52.3,0.0,450.0,0,0,0,0.40476190476190477,industrial
DL003,28.7972,77.0589,2024-11-16T10:00:00+00:00,245.0,0.9,183.7,21.9,52.3,0.0,450.0,0,0,0,0.2857142857142857,agricultural
DL004,28.566,77.1866,2024-11-16T10:00:00+00:00,225.0,0.9,183.7,21.9,52.3,0.0,450.0,0,0,0,0.6666666666666666,residential
DL005,28.6364,77.201,2024-11-16T10:00:00+00:00,195.0,0.9,183.7,21.9,52.3,0.0,450.0,0,0,0,0.5476190476190477,agricultural
DL001,28.6476,77.3158,2024-11-16T11:00:00+00:00,325.0,1.0,170.0,23.0,47.8,0.0,450.0,0,0,0,1.0,mixed
DL002,28.8228,77.0943,2024-11-16T11:00:00+00:00,285.0,1.0,170.0,23.0,47.8,0.0,450.0,0,0,0,0.40476190476190477,industrial
DL003,28.7972,77.0589,2024-11-16T11:00:00+00:00,245.0,1.0,170.0,23.0,47.8,0.0,450.0,0,0,0,0.2857142857142857,agricultural
DL004,28.566,77.1866,2024-11-16T11:00:00+00:00,225.0,1.0,170.0,23.0,47.8,0.0,450.0,0,0,0,0.6666666666666666,residential
DL005,28.6364,77.201,2024-11-16T11:00:00+00:00,195.0,1.0,170.0,23.0,47.8,0.0,450.0,0,0,0,0.5476190476190477,agricultural
DL001,28.6476,77.3158,2024-11-16T12:00:00+00:00,325.0,1.1,183.9,24.0,44.1,0.0,450.0,0,0,0,1.0,mixed
DL002,28.8228,77.0943,2024-11-16T12:00:00+00:00,285.0,1.1,183.9,24.0,44.1,0.0,450.0,0,0,0,0.40476190476190477,industrial
DL003,28.7972,77.0589,2024-11-16T12:00:00+00:00,245.0,1.1,183.9,24.0,44.1,0.0,450.0,0,0,0,0.2857142857142857,agricultural
DL004,28.566,77.1866,2024-11-16T12:00:00+00:00,225.0,1.1,183.9,24.0,44.1,0.0,450.0,0,0,0,0.6666666666666666,residential
DL005,28.6364,77.201,2024-11-16T12:00:00+00:00,195.0,1.1,183.9,24.0,44.1,0.0,450.0,0,0,0,0.5476190476190477,agricultural
DL001,28.6476,77.3158,2024-11-16T13:00:00+00:00,325.0,1.3,212.6,24.6,41.5,0.0,450.0,0,0,0,1.0,mixed
DL002,28.8228,77.0943,2024-11-16T13:00:00+00:00,285.0,1.3,212.6,24.6,41.5,0.0,450.0,0,0,0,0.40476190476190477,industrial
DL003,28.7972,77.0589,2024-11-16T13:00:00+00:00,245.0,1.3,212.6,24.6,41.5,0.0,450.0,0,0,0,0.2857142857142857,agricultural
DL004,28.566,77.1866,2024-11-16T13:00:00+00:00,225.0,1.3,212.6,24.6,41.5,0.0,450.0,0,0,0,0.6666666666666666,residential
DL005,28.6364,77.201,2024-11-16T13:00:00+00:00,195.0,1.3,212.6,24.6,41.5,0.0,450.0,0,0,0,0.5476190476190477,agricultural
DL001,28.6476,77.3158,2024-11-16T14:00:00+00:00,360.0,1.4,229.7,25.0,40.2,0.0,450.0,0,0,0,1.0,mixed
DL002,28.8228,77.0943,2024-11-16T14:00:00+00:00,320.0,1.4,229.7,25.0,40.2,0.0,450.0,0,0,0,0.40476190476190477,industrial
DL003,28.7972,77.0589,2024-11-16T14:00:00+00:00,280.0,1.4,229.7,25.0,40.2,0.0,450.0,0,0,0,0.2857142857142857,agricultural
DL004,28.566,77.1866,2024-11-16T14:00:00+00:00,260.0,1.4,229.7,25.0,40.2,0.0,450.0,0,0,0,0.6666666666666666,residential
DL005,28.6364,77.201,2024-11-16T14:00:00+00:00,230.0,1.4,229.7,25.0,40.2,0.0,450.0,0,0,0,0.5476190476190477,agricultural
DL001,28.6476,77.3158,2024-11-16T15:00:00+00:00,360.0,1.5,219.5,25.0,40.2,0.0,450.0,0,0,0,1.0,mixed
DL002,28.8228,77.0943,2024-11-16T15:00:00+00:00,320.0,1.5,219.5,25.0,40.2,0.0,450.0,0,0,0,0.40476190476190477,industrial
DL003,28.7972,77.0589,2024-11-16T15:00:00+00:00,280.0,1.5,219.5,25.0,40.2,0.0,450.0,0,0,0,0.2857142857142857,agricultural
DL004,28.566,77.1866,2024-11-16T15:00:00+00:00,260.0,1.5,219.5,25.0,40.2,0.0,450.0,0,0,0,0.6666666666666666,residential
DL005,28.6364,77.201,2024-11-16T15:00:00+00:00,230.0,1.5,219.5,25.0,40.2,0.0,450.0,0,0,0,0.5476190476190477,agricultural
DL001,28.6476,77.3158,2024-11-16T16:00:00+00:00,325.0,1.5,191.4,24.6,41.5,0.0,450.0,0,0,0,1.0,mixed
DL002,28.8228,77.0943,2024-11-16T16:00:00+00:00,285.0,1.5,191.4,24.6,41.5,0.0,450.0,0,0,0,0.40476190476190477,industrial
DL003,28.7972,77.0589,2024-11-16T16:00:00+00:00,245.0,1.5,191.4,24.6,41.5,0.0,450.0,0,0,0,0.2857142857142857,agricultural
DL004,28.566,77.1866,2024-11-16T16:00:00+00:00,225.0,1.5,191.4,24.6,41.5,0.0,450.0,0,0,0,0.6666666666666666,residential
DL005,28.6364,77.201,2024-11-16T16:00:00+00:00,195.0,1.5,191.4,24.6,41.5,0.0,450.0,0,0,0,0.5476190476190477,agricultural
DL001,28.6476,77.3158,2024-11-16T17:00:00+00:00,325.0,1.4,171.2,24.0,44.1,0.0,450.0,0,0,0,1.0,mixed
DL002,28.8228,77.0943,2024-11-16T17:00:00+00:00,285.0,1.4,171.2,24.0,44.1,0.0,450.0,0,0,0,0.40476190476190477,industrial
DL003,28.7972,77.0589,2024-11-16T17:00:00+00:00,245.0,1.4,171.2,24.0,44.1,0.0,450.0,0,0,0,0.2857142857142857,agricultural
DL004,28.566,77.1866,2024-11-16T17:00:00+00:00,225.0,1.4,171.2,24.0,44.1,0.0,450.0,0,0,0,0.6666666666666666,residential
DL005,28.6364,77.201,2024-11-16T17:00:00+00:00,195.0,1.4,171.2,24.0,44.1,0.0,450.0,0,0,0,0.5476190476190477,agricultural
DL001,28.6476,77.3158,2024-11-16T18:00:00+00:00,325.0,1.3,177.5,23.0,47.8,0.0,450.0,0,0,0,1.0,mixed
DL002,28.8228,77.0943,2024-11-16T18:00:00+00:00,285.0,1.3,177.5,23.0,47.8,0.0,450.0,0,0,0,0.40476190476190477,industrial
DL003,28.7972,77.0589,2024-11-16T18:00:00+00:00,245.0,1.3,177.5,23.0,47.8,0.0,450.0,0,0,0,0.2857142857142857,agricultural
DL004,28.566,77.1866,2024-11-16T18:00:00+00:00,225.0,1.3,177.5,23.0,47.8,0.0,450.0,0,0,0,0.6666666666666666,residential
DL005,28.6364,77.201,2024-11-16T18:00:00+00:00,195.0,1.3,177.5,23.0,47.8,0.0,450.0,0,0,0,0.5476190476190477,agricultural
DL001,28.6476,77.3158,2024-11-16T19:00:00+00:00,325.0,1.2,204.5,21.9,52.3,0.0,450.0,0,0,0,1.0,mixed
DL002,28.8228,77.0943,2024-11-16T19:00:00+00:00,285.0,1.2,204.5,21.9,52.3,0.0,450.0,0,0,0,0.40476190476190477,industrial
DL003,28.7972,77.0589,2024-11-16T19:00:00+00:00,245.0,1.2,204.5,21.9,52.3,0.0,450.0,0,0,0,0.2857142857142857,agricultural
DL004,28.566,77.1866,2024-11-16T19:00:00+00:00,225.0,1.2,204.5,21.9,52.3,0.0,450.0,0,0,0,0.6666666666666666,residential
DL005,28.6364,77.201,2024-11-16T19:00:00+00:00,195.0,1.2,204.5,21.9,52.3,0.0,450.0,0,0,0,0.5476190476190477,agricultural
DL001,28.6476,77.3158,2024-11-16T20:00:00+00:00,325.0,1.0,227.4,20.7,57.4,0.0,450.0,0,0,0,1.0,mixed
DL002,28.8228,77.0943,2024-11-16T20:00:00+00:00,285.0,1.0,227.4,20.7,57.4,0.0,450.0,0,0,0,0.40476190476190477,industrial
DL003,28.7972,77.0589,2024-11-16T20:00:00+00:00,245.0,1.0,227.4,20.7,57.4,0.0,450.0,0,0,0,0.2857142857142857,agricultural
DL004,28.566,77.1866,2024-11-16T20:00:00+00:00,225.0,1.0,227.4,20.7,57.4,0.0,450.0,0,0,0,0.6666666666666666,residential
DL005,28.6364,77.201,2024-11-16T20:00:00+00:00,195.0,1.0,227.4,20.7,57.4,0.0,450.0,0,0,0,0.5476190476190477,agricultural
DL001,28.6476,77.3158,2024-11-16T21:00:00+00:00,325.0,0.9,225.1,19.3,62.6,0.0,450.0,0,0,0,1.0,mixed
DL002,28.8228,77.0943,2024-11-16T21:00:00+00:00,285.0,0.9,225.1,19.3,62.6,0.0,450.0,0,0,0,0.40476190476190477,industrial
DL003,28.7972,77.0589,2024-11-16T21:00:00+00:00,245.0,0.9,225.1,19.3,62.6,0.0,450.0,0,0,0,0.2857142857142857,agricultural
DL004,28.566,77.1866,2024-11-16T21:00:00+00:00,225.0,0.9,225.1,19.3,62.6,0.0,450.0,0,0,0,0.6666666666666666,residential
DL005,28.6364,77.201,2024-11-16T21:00:00+00:00,195.0,0.9,225.1,19.3,62.6,0.0,450.0,0,0,0,0.5476190476190477,agricultural
DL001,28.6476,77.3158,2024-11-16T22:00:00+00:00,325.0,0.9,199.7,18.1,67.7,0.0,450.0,0,0,0,1.0,mixed
DL002,28.8228,77.0943,2024-11-16T22:00:00+00:00,285.0,0.9,199.7,18.1,67.7,0.0,450.0,0,0,0,0.40476190476190477,industrial
DL003,28.7972,77.0589,2024-11-16T22:00:00+00:00,245.0,0.9,199.7,18.1,67.7,0.0,450.0,0,0,0,0.2857142857142857,agricultural
DL004,28.566,77.1866,2024-11-16T22:00:00+00:00,225.0,0.9,199.7,18.1,67.7,0.0,450.0,0,0,0,0.6666666666666666,residential
DL005,28.6364,77.201,2024-11-16T22:00:00+00:00,195.0,0.9,199.7,18.1,67.7,0.0,450.0,0,0,0,0.5476190476190477,agricultural
DL001,28.6476,77.3158,2024-11-16T23:00:00+00:00,325.0,0.9,174.6,17.0,72.2,0.0,450.0,0,0,0,1.0,mixed
DL002,28.8228,77.0943,2024-11-16T23:00:00+00:00,285.0,0.9,174.6,17.0,72.2,0.0,450.0,0,0,0,0.40476190476190477,industrial
DL003,28.7972,77.0589,2024-11-16T23:00:00+00:00,245.0,0.9,174.6,17.0,72.2,0.0,450.0,0,0,0,0.2857142857142857,agricultural
DL004,28.566,77.1866,2024-11-16T23:00:00+00:00,225.0,0.9,174.6,17.0,72.2,0.0,450.0,0,0,0,0.6666666666666666,residential
DL005,28.6364,77.201,2024-11-16T23:00:00+00:00,195.0,0.9,174.6,17.0,72.2,0.0,450.0,0,0,0,0.5476190476190477,agricultural
DL001,28.6476,77.3158,2024-11-17T00:00:00+00:00,460.0,2.8,315.0,16.0,75.9,0.0,450.0,0,0,0,1.0,mixed
DL002,28.8228,77.0943,2024-11-17T00:00:00+00:00,435.0,2.8,315.0,16.0,75.9,0.0,450.0,0,0,0,0.40476190476190477,industrial
DL003,28.7972,77.0589,2024-11-17T00:00:00+00:00,410.0,2.8,315.0,16.0,75.9,0.0,450.0,0,0,0,0.2857142857142857,agricultural
DL004,28.566,77.1866,2024-11-17T00:00:00+00:00,335.0,2.8,315.0,16.0,75.9,0.0,450.0,0,0,0,0.6666666666666666,residential
DL005,28.6364,77.201,2024-11-17T00:00:00+00:00,290.0,2.8,315.0,16.0,75.9,0.0,450.0,0,0,0,0.5476190476190477,agricultural
DL001,28.6476,77.3158,2024-11-17T01:00:00+00:00,460.0,3.2,323.4,15.4,78.5,0.0,450.0,0,0,0,1.0,mixed
DL002,28.8228,77.0943,2024-11-17T01:00:00+00:00,435.0,3.2,323.4,15.4,78.5,0.0,450.0,0,0,0,0.40476190476190477,industrial
DL003,28.7972,77.0589,2024-11-17T01:00:00+00:00,410.0,3.2,323.4,15.4,78.5,0.0,450.0,0,0,0,0.2857142857142857,agricultural
DL004,28.566,77.1866,2024-11-17T01:00:00+00:00,335.0,3.2,323.4,15.4,78.5,0.0,450.0,0,0,0,0.6666666666666666,residential
DL005,28.6364,77.201,2024-11-17T01:00:00+00:00,290.0,3.2,323.4,15.4,78.5,0.0,450.0,0,0,0,0.5476190476190477,agricultural
DL001,28.6476,77.3158,2024-11-17T02:00:00+00:00,460.0,3.5,324.1,15.0,79.8,0.0,450.0,0,0,0,1.0,mixed
DL002,28.8228,77.0943,2024-11-17T02:00:00+00:00,435.0,3.5,324.1,15.0,79.8,0.0,450.0,0,0,0,0.40476190476190477,industrial
DL003,28.7972,77.0589,2024-11-17T02:00:00+00:00,410.0,3.5,324.1,15.0,79.8,0.0,450.0,0,0,0,0.2857142857142857,agricultural
DL004,28.566,77.1866,2024-11-17T02:00:00+00:00,335.0,3.5,324.1,15.0,79.8,0.0,450.0,0,0,0,0.6666666666666666,residential
DL005,28.6364,77.201,2024-11-17T02:00:00+00:00,290.0,3.5,324.1,15.0,79.8,0.0,450.0,0,0,0,0.5476190476190477,agricultural
DL001,28.6476,77.3158,2024-11-17T03:00:00+00:00,495.0,3.6,316.4,15.0,79.8,0.0,450.0,0,0,0,1.0,mixed
DL002,28.8228,77.0943,2024-11-17T03:00:00+00:00,470.0,3.6,316.4,15.0,79.8,0.0,450.0,0,0,0,0.40476190476190477,industrial
DL003,28.7972,77.0589,2024-11-17T03:00:00+00:00,445.0,3.6,316.4,15.0,79.8,0.0,450.0,0,0,0,0.2857142857142857,agricultural
DL004,28.566,77.1866,2024-11-17T03:00:00+00:00,370.0,3.6,316.4,15.0,79.8,0.0,450.0,0,0,0,0.6666666666666666,residential
DL005,28.6364,77.201,2024-11-17T03:00:00+00:00,325.0,3.6,316.4,15.0,79.8,0.0,450.0,0,0,0,0.5476190476190477,agricultural
DL001,28.6476,77.3158,2024-11-17T04:00:00+00:00,495.0,3.5,307.4,15.4,78.5,0.0,450.0,0,0,0,1.0,mixed
DL002,28.8228,77.0943,2024-11-17T04:00:00+00:00,470.0,3.5,307.4,15.4,78.5,0.0,450.0,0,0,0,0.40476190476190477,industrial
DL003,28.7972,77.0589,2024-11-17T04:00:00+00:00,445.0,3.5,307.4,15.4,78.5,0.0,450.0,0,0,0,0.2857142857142857,agricultural
DL004,28.566,77.1866,2024-11-17T04:00:00+00:00,370.0,3.5,307.4,15.4,78.5,0.0,450.0,0,0,0,0.6666666666666666,residential
DL005,28.6364,77.201,2024-11-17T04:00:00+00:00,325.0,3.5,307.4,15.4,78.5,0.0,450.0,0,0,0,0.5476190476190477,agricultural
DL001,28.6476,77.3158,2024-11-17T05:00:00+00:00,460.0,3.3,305.4,16.0,75.9,0.0,450.0,0,0,0,1.0,mixed
DL002,28.8228,77.0943,2024-11-17T05:00:00+00:00,435.0,3.3,305.4,16.0,75.9,0.0,450.0,0,0,0,0.40476190476190477,industrial
DL003,28.7972,77.0589,2024-11-17T05:00:00+00:00,410.0,3.3,305.4,16.0,75.9,0.0,450.0,0,0,0,0.2857142857142857,agricultural
DL004,28.566,77.1866,2024-11-17T05:00:00+00:00,335.0,3.3,305.4,16.0,75.9,0.0,450.0,0,0,0,0.6666666666666666,residential
DL005,28.6364,77.201,2024-11-17T05:00:00+00:00,290.0,3.3,305.4,16.0,75.9,0.0,450.0,0,0,0,0.5476190476190477,agricultural
DL001,28.6476,77.3158,2024-11-17T06:00:00+00:00,460.0,2.9,312.2,17.0,72.2,0.0,450.0,0,0,0,1.0,mixed
DL002,28.8228,77.0943,2024-11-17T06:00:00+00:00,435.0,2.9,312.2,17.0,72.2,0.0,450.0,0,0,0,0.40476190476190477,industrial
DL003,28.7972,77.0589,2024-11-17T06:00:00+00:00,410.0,2.9,312.2,17.0,72.2,0.0,450.0,0,0,0,0.2857142857142857,agricultural
DL004,28.566,77.1866,2024-11-17T06:00:00+00:00,335.0,2.9,312.2,17.0,72.2,0.0,450.0,0,0,0,0.6666666666666666,residential
DL005,28.6364,77.201,2024-11-17T06:00:00+00:00,290.0,2.9,312.2,17.0,72.2,0.0,450.0,0,0,0,0.5476190476190477,agricultural
DL001,28.6476,77.3158,2024-11-17T07:00:00+00:00,460.0,2.5,321.6,18.1,67.7,0.0,450.0,0,0,0,1.0,mixed
DL002,28.8228,77.0943,2024-11-17T07:00:00+00:00,435.0,2.5,321.6,18.1,67.7,0.0,450.0,0,0,0,0.40476190476190477,industrial
DL003,28.7972,77.0589,2024-11-17T07:00:00+00:00,410.0,2.5,321.6,18.1,67.7,0.0,450.0,0,0,0,0.2857142857142857,agricultural
DL004,28.566,77.1866,2024-11-17T07:00:00+00:00,335.0,2.5,321.6,18.1,67.7,0.0,450.0,0,0,0,0.6666666666666666,residential
DL005,28.6364,77.201,2024-11-17T07:00:00+00:00,290.0,2.5,321.6,18.1,67.7,0.0,450.0,0,0,0,0.5476190476190477,agricultural
DL001,28.6476,77.3158,2024-11-17T08:00:00+00:00,460.0,2.2,324.9,19.3,62.6,0.0,450.0,0,0,0,1.0,mixed
DL002,28.8228,77.0943,2024-11-17T08:00:00+00:00,435.0,2.2,324.9,19.3,62.6,0.0,450.0,0,0,0,0.40476190476190477,industrial
DL003,28.7972,77.0589,2024-11-17T08:00:00+00:00,410.0,2.2,324.9,19.3,62.6,0.0,450.0,0,0,0,0.2857142857142857,agricultural
DL004,28.566,77.1866,2024-11-17T08:00:00+00:00,335.0,2.2,324.9,19.3,62.6,0.0,450.0,0,0,0,0.6666666666666666,residential
DL005,28.6364,77.201,2024-11-17T08:00:00+00:00,290.0,2.2,324.9,19.3,62.6,0.0,450.0,0,0,0,0.5476190476190477,agricultural
DL001,28.6476,77.3158,2024-11-17T09:00:00+00:00,460.0,2.0,319.1,20.7,57.4,0.0,450.0,0,0,0,1.0,mixed
DL002,28.8228,77.0943,2024-11-17T09:00:00+00:00,435.0,2.0,319.1,20.7,57.4,0.0,450.0,0,0,0,0.40476190476190477,industrial
DL003,28.7972,77.0589,2024-11-17T09:00:00+00:00,410.0,2.0,319.1,20.7,57.4,0.0,450.0,0,0,0,0.2857142857142857,agricultural
DL004,28.566,77.1866,2024-11-17T09:00:00+00:00,335.0,2.0,319.1,20.7,57.4,0.0,450.0,0,0,0,0.6666666666666666,residential
DL005,28.6364,77.201,2024-11-17T09:00:00+00:00,290.0,2.0,319.1,20.7,57.4,0.0,450.0,0,0,0,0.5476190476190477,agricultural
DL001,28.6476,77.3158,2024-11-17T10:00:00+00:00,460.0,2.0,309.6,21.9,52.3,0.0,450.0,0,0,0,1.0,mixed
DL002,28.8228,77.0943,2024-11-17T10:00:00+00:00,435.0,2.0,309.6,21.9,52.3,0.0,450.0,0,0,0,0.40476190476190477,industrial
DL003,28.7972,77.0589,2024-11-17T10:00:00+00:00,410.0,2.0,309.6,21.9,52.3,0.0,450.0,0,0,0,0.2857142857142857,agricultural
DL004,28.566,77.1866,2024-11-17T10:00:00+00:00,335.0,2.0,309.6,21.9,52.3,0.0,450.0,0,0,0,0.6666666666666666,residential
DL005,28.6364,77.201,2024-11-17T10:00:00+00:00,290.0,2.0,309.6,21.9,52.3,0.0,450.0,0,0,0,0.5476190476190477,agricultural
DL001,28.6476,77.3158,2024-11-17T11:00:00+00:00,460.0,2.2,305.0,23.0,47.8,0.0,450.0,0,0,0,1.0,mixed
DL002,28.8228,77.0943,2024-11-17T11:00:00+00:00,435.0,2.2,305.0,23.0,47.8,0.0,450.0,0,0,0,0.40476190476190477,industrial
DL003,28.7972,77.0589,2024-11-17T11:00:00+00:00,410.0,2.2,305.0,23.0,47.8,0.0,450.0,0,0,0,0.2857142857142857,agricultural
DL004,28.566,77.1866,2024-11-17T11:00:00+00:00,335.0,2.2,305.0,23.0,47.8,0.0,450.0,0,0,0,0.6666666666666666,residential
DL005,28.6364,77.201,2024-11-17T11:00:00+00:00,290.0,2.2,305.0,23.0,47.8,0.0,450.0,0,0,0,0.5476190476190477,agricultural
DL001,28.6476,77.3158,2024-11-17T12:00:00+00:00,460.0,2.6,309.6,24.0,44.1,0.0,450.0,0,0,0,1.0,mixed
DL002,28.8228,77.0943,2024-11-17T12:00:00+00:00,435.0,2.6,309.6,24.0,44.1,0.0,450.0,0,0,0,0.40476190476190477,industrial
DL003,28.7972,77.0589,2024-11-17T12:00:00+00:00,410.0,2.6,309.6,24.0,44.1,0.0,450.0,0,0,0,0.2857142857142857,agricultural
DL004,28.566,77.1866,2024-11-17T12:00:00+00:00,335.0,2.6,309.6,24.0,44.1,0.0,450.0,0,0,0,0.6666666666666666,residential
DL005,28.6364,77.201,2024-11-17T12:00:00+00:00,290.0,2.6,309.6,24.0,44.1,0.0,450.0,0,0,0,0.5476190476190477,agricultural
DL001,28.6476,77.3158,2024-11-17T13:00:00+00:00,460.0,3.0,319.2,24.6,41.5,0.0,450.0,0,0,0,1.0,mixed
DL002,28.8228,77.0943,2024-11-17T13:00:00+00:00,435.0,3.0,319.2,24.6,41.5,0.0,450.0,0,0,0,0.40476190476190477,industrial
DL003,28.7972,77.0589,2024-11-17T13:00:00+00:00,410.0,3.0,319.2,24.6,41.5,0.0,450.0,0,0,0,0.2857142857142857,agricultural
DL004,28.566,77.1866,2024-11-17T13:00:00+00:00,335.0,3.0,319.2,24.6,41.5,0.0,450.0,0,0,0,0.6666666666666666,residential
DL005,28.6364,77.201,2024-11-17T13:00:00+00:00,290.0,3.0,319.2,24.6,41.5,0.0,450.0,0,0,0,0.5476190476190477,agricultural
DL001,28.6476,77.3158,2024-11-17T14:00:00+00:00,495.0,3.3,324.9,25.0,40.2,0.0,450.0,0,0,0,1.0,mixed
DL002,28.8228,77.0943,2024-11-17T14:00:00+00:00,470.0,3.3,324.9,25.0,40.2,0.0,450.0,0,0,0,0.40476190476190477,industrial
DL003,28.7972,77.0589,2024-11-17T14:00:00+00:00,445.0,3.3,324.9,25.0,40.2,0.0,450.0,0,0,0,0.2857142857142857,agricultural
DL004,28.566,77.1866,2024-11-17T14:00:00+00:00,370.0,3.3,324.9,25.0,40.2,0.0,450.0,0,0,0,0.6666666666666666,residential
DL005,28.6364,77.201,2024-11-17T14:00:00+00:00,325.0,3.3,324.9,25.0,40.2,0.0,450.0,0,0,0,0.5476190476190477,agricultural
DL001,28.6476,77.3158,2024-11-17T15:00:00+00:00,495.0,3.6,321.5,25.0,40.2,0.0,450.0,0,0,0,1.0,mixed
DL002,28.8228,77.0943,2024-11-17T15:00:00+00:00,470.0,3.6,321.5,25.0,40.2,0.0,450.0,0,0,0,0.40476190476190477,industrial
DL003,28.7972,77.0589,2024-11-17T15:00:00+00:00,445.0,3.6,321.5,25.0,40.2,0.0,450.0,0,0,0,0.2857142857142857,agricultural
DL004,28.566,77.1866,2024-11-17T15:00:00+00:00,370.0,3.6,321.5,25.0,40.2,0.0,450.0,0,0,0,0.6666666666666666,residential
DL005,28.6364,77.201,2024-11-17T15:00:00+00:00,325.0,3.6,321.5,25.0,40.2,0.0,450.0,0,0,0,0.5476190476190477,agricultural
DL001,28.6476,77.3158,2024-11-17T16:00:00+00:00,460.0,3.6,312.1,24.6,41.5,0.0,450.0,0,0,0,1.0,mixed
DL002,28.8228,77.0943,2024-11-17T16:00:00+00:00,435.0,3.6,312.1,24.6,41.5,0.0,450.0,0,0,0,0.40476190476190477,industrial
DL003,28.7972,77.0589,2024-11-17T16:00:00+00:00,410.0,3.6,312.1,24.6,41.5,0.0,450.0,0,0,0,0.2857142857142857,agricultural
DL004,28.566,77.1866,2024-11-17T16:00:00+00:00,335.0,3.6,312.1,24.6,41.5,0.0,450.0,0,0,0,0.6666666666666666,residential
DL005,28.6364,77.201,2024-11-17T16:00:00+00:00,290.0,3.6,312.1,24.6,41.5,0.0,450.0,0,0,0,0.5476190476190477,agricultural
DL001,28.6476,77.3158,2024-11-17T17:00:00+00:00,460.0,3.4,305.4,24.0,44.1,0.0,450.0,0,0,0,1.0,mixed
DL002,28.8228,77.0943,2024-11-17T17:00:00+00:00,435.0,3.4,305.4,24.0,44.1,0.0,450.0,0,0,0,0.40476190476190477,industrial
DL003,28.7972,77.0589,2024-11-17T17:00:00+00:00,410.0,3.4,305.4,24.0,44.1,0.0,450.0,0,0,0,0.2857142857142857,agricultural
DL004,28.566,77.1866,2024-11-17T17:00:00+00:00,335.0,3.4,305.4,24.0,44.1,0.0,450.0,0,0,0,0.6666666666666666,residential
DL005,28.6364,77.201,2024-11-17T17:00:00+00:00,290.0,3.4,305.4,24.0,44.1,0.0,450.0,0,0,0,0.5476190476190477,agricultural
DL001,28.6476,77.3158,2024-11-17T18:00:00+00:00,460.0,3.1,307.5,23.0,47.8,0.0,450.0,0,0,0,1.0,mixed
DL002,28.8228,77.0943,2024-11-17T18:00:00+00:00,435.0,3.1,307.5,23.0,47.8,0.0,450.0,0,0,0,0.40476190476190477,industrial
DL003,28.7972,77.0589,2024-11-17T18:00:00+00:00,410.0,3.1,307.5,23.0,47.8,0.0,450.0,0,0,0,0.2857142857142857,agricultural
DL004,28.566,77.1866,2024-11-17T18:00:00+00:00,335.0,3.1,307.5,23.0,47.8,0.0,450.0,0,0,0,0.6666666666666666,residential
DL005,28.6364,77.201,2024-11-17T18:00:00+00:00,290.0,3.1,307.5,23.0,47.8,0.0,450.0,0,0,0,0.5476190476190477,agricultural
DL001,28.6476,77.3158,2024-11-17T19:00:00+00:00,460.0,2.7,316.5,21.9,52.3,0.0,450.0,0,0,0,1.0,mixed
DL002,28.8228,77.0943,2024-11-17T19:00:00+00:00,435.0,2.7,316.5,21.9,52.3,0.0,450.0,0,0,0,0.40476190476190477,industrial
DL003,28.7972,77.0589,2024-11-17T19:00:00+00:00,410.0,2.7,316.5,21.9,52.3,0.0,450.0,0,0,0,0.2857142857142857,agricultural
DL004,28.566,77.1866,2024-11-17T19:00:00+00:00,335.0,2.7,316.5,21.9,52.3,0.0,450.0,0,0,0,0.6666666666666666,residential
DL005,28.6364,77.201,2024-11-17T19:00:00+00:00,290.0,2.7,316.5,21.9,52.3,0.0,450.0,0,0,0,0.5476190476190477,agricultural
DL001,28.6476,77.3158,2024-11-17T20:00:00+00:00,460.0,2.4,324.1,20.7,57.4,0.0,450.0,0,0,0,1.0,mixed
DL002,28.8228,77.0943,2024-11-17T20:00:00+00:00,435.0,2.4,324.1,20.7,57.4,0.0,450.0,0,0,0,0.40476190476190477,industrial
DL003,28.7972,77.0589,2024-11-17T20:00:00+00:00,410.0,2.4,324.1,20.7,57.4,0.0,450.0,0,0,0,0.2857142857142857,agricultural
DL004,28.566,77.1866,2024-11-17T20:00:00+00:00,335.0,2.4,324.1,20.7,57.4,0.0,450.0,0,0,0,0.6666666666666666,residential
DL005,28.6364,77.201,2024-11-17T20:00:00+00:00,290.0,2.4,324.1,20.7,57.4,0.0,450.0,0,0,0,0.5476190476190477,agricultural
DL001,28.6476,77.3158,2024-11-17T21:00:00+00:00,460.0,2.1,323.4,19.3,62.6,0.0,450.0,0,0,0,1.0,mixed
DL002,28.8228,77.0943,2024-11-17T21:00:00+00:00,435.0,2.1,323.4,19.3,62.6,0.0,450.0,0,0,0,0.40476190476190477,industrial
DL003,28.7972,77.0589,2024-11-17T21:00:00+00:00,410.0,2.1,323.4,19.3,62.6,0.0,450.0,0,0,0,0.2857142857142857,agricultural
DL004,28.566,77.1866,2024-11-17T21:00:00+00:00,335.0,2.1,323.4,19.3,62.6,0.0,450.0,0,0,0,0.6666666666666666,residential
DL005,28.6364,77.201,2024-11-17T21:00:00+00:00,290.0,2.1,323.4,19.3,62.6,0.0,450.0,0,0,0,0.5476190476190477,agricultural
DL001,28.6476,77.3158,2024-11-17T22:00:00+00:00,460.0,2.0,314.9,18.1,67.7,0.0,450.0,0,0,0,1.0,mixed
DL002,28.8228,77.0943,2024-11-17T22:00:00+00:00,435.0,2.0,314.9,18.1,67.7,0.0,450.0,0,0,0,0.40476190476190477,industrial
DL003,28.7972,77.0589,2024-11-17T22:00:00+00:00,410.0,2.0,314.9,18.1,67.7,0.0,450.0,0,0,0,0.2857142857142857,agricultural
DL004,28.566,77.1866,2024-11-17T22:00:00+00:00,335.0,2.0,314.9,18.1,67.7,0.0,450.0,0,0,0,0.6666666666666666,residential
DL005,28.6364,77.201,2024-11-17T22:00:00+00:00,290.0,2.0,314.9,18.1,67.7,0.0,450.0,0,0,0,0.5476190476190477,agricultural
DL001,28.6476,77.3158,2024-11-17T23:00:00+00:00,460.0,2.1,306.5,17.0,72.2,0.0,450.0,0,0,0,1.0,mixed
DL002,28.8228,77.0943,2024-11-17T23:00:00+00:00,435.0,2.1,306.5,17.0,72.2,0.0,450.0,0,0,0,0.40476190476190477,industrial
DL003,28.7972,77.0589,2024-11-17T23:00:00+00:00,410.0,2.1,306.5,17.0,72.2,0.0,450.0,0,0,0,0.2857142857142857,agricultural
DL004,28.566,77.1866,2024-11-17T23:00:00+00:00,335.0,2.1,306.5,17.0,72.2,0.0,450.0,0,0,0,0.6666666666666666,residential
DL005,28.6364,77.201,2024-11-17T23:00:00+00:00,290.0,2.1,306.5,17.0,72.2,0.0,450.0,0,0,0,0.5476190476190477,agricultural
DL001,28.6476,77.3158,2024-11-18T00:00:00+00:00,495.0,2.8,315.0,16.0,75.9,0.0,450.0,0,0,0,1.0,mixed
DL002,28.8228,77.0943,2024-11-18T00:00:00+00:00,495.0,2.8,315.0,16.0,75.9,0.0,450.0,0,0,0,0.40476190476190477,industrial
DL003,28.7972,77.0589,2024-11-18T00:00:00+00:00,495.0,2.8,315.0,16.0,75.9,0.0,450.0,0,0,0,0.2857142857142857,agricultural
DL004,28.566,77.1866,2024-11-18T00:00:00+00:00,395.0,2.8,315.0,16.0,75.9,0.0,450.0,0,0,0,0.6666666666666666,residential
DL005,28.6364,77.201,2024-11-18T00:00:00+00:00,345.0,2.8,315.0,16.0,75.9,0.0,450.0,0,0,0,0.5476190476190477,agricultural
DL001,28.6476,77.3158,2024-11-18T01:00:00+00:00,496.0,3.2,323.4,15.4,78.5,0.0,450.0,0,0,0,1.0,mixed
DL002,28.8228,77.0943,2024-11-18T01:00:00+00:00,496.0,3.2,323.4,15.4,78.5,0.0,450.0,0,0,0,0.40476190476190477,industrial
DL003,28.7972,77.0589,2024-11-18T01:00:00+00:00,495.0,3.2,323.4,15.4,78.5,0.0,450.0,0,0,0,0.2857142857142857,agricultural
DL004,28.566,77.1866,2024-11-18T01:00:00+00:00,395.0,3.2,323.4,15.4,78.5,0.0,450.0,0,0,0,0.6666666666666666,residential
DL005,28.6364,77.201,2024-11-18T01:00:00+00:00,345.0,3.2,323.4,15.4,78.5,0.0,450.0,0,0,0,0.5476190476190477,agricultural
DL001,28.6476,77.3158,2024-11-18T02:00:00+00:00,497.0,3.5,324.1,15.0,79.8,0.0,450.0,0,0,0,1.0,mixed
DL002,28.8228,77.0943,2024-11-18T02:00:00+00:00,497.0,3.5,324.1,15.0,79.8,0.0,450.0,0,0,0,0.40476190476190477,industrial
DL003,28.7972,77.0589,2024-11-18T02:00:00+00:00,495.0,3.5,324.1,15.0,79.8,0.0,450.0,0,0,0,0.2857142857142857,agricultural
DL004,28.566,77.1866,2024-11-18T02:00:00+00:00,395.0,3.5,324.1,15.0,79.8,0.0,450.0,0,0,0,0.6666666666666666,residential
DL005,28.6364,77.201,2024-11-18T02:00:00+00:00,345.0,3.5,324.1,15.0,79.8,0.0,450.0,0,0,0,0.5476190476190477,agricultural
DL001,28.6476,77.3158,2024-11-18T03:00:00+00:00,498.0,3.6,316.4,15.0,79.8,0.0,450.0,0,0,0,1.0,mixed
DL002,28.8228,77.0943,2024-11-18T03:00:00+00:00,498.0,3.6,316.4,15.0,79.8,0.0,450.0,0,0,0,0.40476190476190477,industrial
DL003,28.7972,77.0589,2024-11-18T03:00:00+00:00,498.0,3.6,316.4,15.0,79.8,0.0,450.0,0,0,0,0.2857142857142857,agricultural
DL004,28.566,77.1866,2024-11-18T03:00:00+00:00,430.0,3.6,316.4,15.0,79.8,0.0,450.0,0,0,0,0.6666666666666666,residential
DL005,28.6364,77.201,2024-11-18T03:00:00+00:00,380.0,3.6,316.4,15.0,79.8,0.0,450.0,0,0,0,0.5476190476190477,agricultural
DL001,28.6476,77.3158,2024-11-18T04:00:00+00:00,499.0,3.5,307.4,15.4,78.5,0.0,450.0,0,0,0,1.0,mixed
DL002,28.8228,77.0943,2024-11-18T04:00:00+00:00,499.0,3.5,307.4,15.4,78.5,0.0,450.0,0,0,0,0.40476190476190477,industrial
DL003,28.7972,77.0589,2024-11-18T04:00:00+00:00,499.0,3.5,307.4,15.4,78.5,0.0,450.0,0,0,0,0.2857142857142857,agricultural
DL004,28.566,77.1866,2024-11-18T04:00:00+00:00,430.0,3.5,307.4,15.4,78.5,0.0,450.0,0,0,0,0.6666666666666666,residential
DL005,28.6364,77.201,2024-11-18T04:00:00+00:00,380.0,3.5,307.4,15.4,78.5,0.0,450.0,0,0,0,0.5476190476190477,agricultural
DL001,28.6476,77.3158,2024-11-18T05:00:00+00:00,495.0,3.3,305.4,16.0,75.9,0.0,450.0,0,0,0,1.0,mixed
DL002,28.8228,77.0943,2024-11-18T05:00:00+00:00,495.0,3.3,305.4,16.0,75.9,0.0,450.0,0,0,0,0.40476190476190477,industrial
DL003,28.7972,77.0589,2024-11-18T05:00:00+00:00,495.0,3.3,305.4,16.0,75.9,0.0,450.0,0,0,0,0.2857142857142857,agricultural
DL004,28.566,77.1866,2024-11-18T05:00:00+00:00,395.0,3.3,305.4,16.0,75.9,0.0,450.0,0,0,0,0.6666666666666666,residential
DL005,28.6364,77.201,2024-11-18T05:00:00+00:00,345.0,3.3,305.4,16.0,75.9,0.0,450.0,0,0,0,0.5476190476190477,agricultural
DL001,28.6476,77.3158,2024-11-18T06:00:00+00:00,496.0,2.9,312.2,17.0,72.2,0.0,450.0,0,0,0,1.0,mixed
DL002,28.8228,77.0943,2024-11-18T06:00:00+00:00,496.0,2.9,312.2,17.0,72.2,0.0,450.0,0,0,0,0.40476190476190477,industrial
DL003,28.7972,77.0589,2024-11-18T06:00:00+00:00,495.0,2.9,312.2,17.0,72.2,0.0,450.0,0,0,0,0.2857142857142857,agricultural
DL004,28.566,77.1866,2024-11-18T06:00:00+00:00,395.0,2.9,312.2,17.0,72.2,0.0,450.0,0,0,0,0.6666666666666666,residential
DL005,28.6364,77.201,2024-11-18T06:00:00+00:00,345.0,2.9,312.2,17.0,72.2,0.0,450.0,0,0,0,0.5476190476190477,agricultural
DL001,28.6476,77.3158,2024-11-18T07:00:00+00:00,497.0,2.5,321.6,18.1,67.7,0.0,450.0,0,0,0,1.0,mixed
DL002,28.8228,77.0943,2024-11-18T07:00:00+00:00,497.0,2.5,321.6,18.1,67.7,0.0,450.0,0,0,0,0.40476190476190477,industrial
DL003,28.7972,77.0589,2024-11-18T07:00:00+00:00,495.0,2.5,321.6,18.1,67.7,0.0,450.0,0,0,0,0.2857142857142857,agricultural
DL004,28.566,77.1866,2024-11-18T07:00:00+00:00,395.0,2.5,321.6,18.1,67.7,0.0,450.0,0,0,0,0.6666666666666666,residential
DL005,28.6364,77.201,2024-11-18T07:00:00+00:00,345.0,2.5,321.6,18.1,67.7,0.0,450.0,0,0,0,0.5476190476190477,agricultural
DL001,28.6476,77.3158,2024-11-18T08:00:00+00:00,498.0,2.2,324.9,19.3,62.6,0.0,450.0,0,0,0,1.0,mixed
DL002,28.8228,77.0943,2024-11-18T08:00:00+00:00,498.0,2.2,324.9,19.3,62.6,0.0,450.0,0,0,0,0.40476190476190477,industrial
DL003,28.7972,77.0589,2024-11-18T08:00:00+00:00,495.0,2.2,324.9,19.3,62.6,0.0,450.0,0,0,0,0.2857142857142857,agricultural
DL004,28.566,77.1866,2024-11-18T08:00:00+00:00,395.0,2.2,324.9,19.3,62.6,0.0,450.0,0,0,0,0.6666666666666666,residential
DL005,28.6364,77.201,2024-11-18T08:00:00+00:00,345.0,2.2,324.9,19.3,62.6,0.0,450.0,0,0,0,0.5476190476190477,agricultural
DL001,28.6476,77.3158,2024-11-18T09:00:00+00:00,499.0,2.0,319.1,20.7,57.4,0.0,450.0,0,0,0,1.0,mixed
DL002,28.8228,77.0943,2024-11-18T09:00:00+00:00,499.0,2.0,319.1,20.7,57.4,0.0,450.0,0,0,0,0.40476190476190477,industrial
DL003,28.7972,77.0589,2024-11-18T09:00:00+00:00,495.0,2.0,319.1,20.7,57.4,0.0,450.0,0,0,0,0.2857142857142857,agricultural
DL004,28.566,77.1866,2024-11-18T09:00:00+00:00,395.0,2.0,319.1,20.7,57.4,0.0,450.0,0,0,0,0.6666666666666666,residential
DL005,28.6364,77.201,2024-11-18T09:00:00+00:00,345.0,2.0,319.1,20.7,57.4,0.0,450.0,0,0,0,0.5476190476190477,agricultural
DL001,28.6476,77.3158,2024-11-18T10:00:00+00:00,495.0,2.0,309.6,21.9,52.3,0.0,450.0,0,0,0,1.0,mixed
DL002,28.8228,77.0943,2024-11-18T10:00:00+00:00,495.0,2.0,309.6,21.9,52.3,0.0,450.0,0,0,0,0.40476190476190477,industrial
DL003,28.7972,77.0589,2024-11-18T10:00:00+00:00,495.0,2.0,309.6,21.9,52.3,0.0,450.0,0,0,0,0.2857142857142857,agricultural
DL004,28.566,77.1866,2024-11-18T10:00:00+00:00,395.0,2.0,309.6,21.9,52.3,0.0,450.0,0,0,0,0.6666666666666666,residential
DL005,28.6364,77.201,2024-11-18T10:00:00+00:00,345.0,2.0,309.6,21.9,52.3,0.0,450.0,0,0,0,0.5476190476190477,agricultural
DL001,28.6476,77.3158,2024-11-18T11:00:00+00:00,496.0,2.2,305.0,23.0,47.8,0.0,450.0,0,0,0,1.0,mixed
DL002,28.8228,77.0943,2024-11-18T11:00:00+00:00,496.0,2.2,305.0,23.0,47.8,0.0,450.0,0,0,0,0.40476190476190477,industrial
DL003,28.7972,77.0589,2024-11-18T11:00:00+00:00,495.0,2.2,305.0,23.0,47.8,0.0,450.0,0,0,0,0.2857142857142857,agricultural
DL004,28.566,77.1866,2024-11-18T11:00:00+00:00,395.0,2.2,305.0,23.0,47.8,0.0,450.0,0,0,0,0.6666666666666666,residential
DL005,28.6364,77.201,2024-11-18T11:00:00+00:00,345.0,2.2,305.0,23.0,47.8,0.0,450.0,0,0,0,0.5476190476190477,agricultural
DL001,28.6476,77.3158,2024-11-18T12:00:00+00:00,497.0,2.6,309.6,24.0,44.1,0.0,450.0,0,0,0,1.0,mixed
DL002,28.8228,77.0943,2024-11-18T12:00:00+00:00,497.0,2.6,309.6,24.0,44.1,0.0,450.0,0,0,0,0.40476190476190477,industrial
DL003,28.7972,77.0589,2024-11-18T12:00:00+00:00,495.0,2.6,309.6,24.0,44.1,0.0,450.0,0,0,0,0.2857142857142857,agricultural
DL004,28.566,77.1866,2024-11-18T12:00:00+00:00,395.0,2.6,309.6,24.0,44.1,0.0,450.0,0,0,0,0.6666666666666666,residential
DL005,28.6364,77.201,2024-11-18T12:00:00+00:00,345.0,2.6,309.6,24.0,44.1,0.0,450.0,0,0,0,0.5476190476190477,agricultural
DL001,28.6476,77.3158,2024-11-18T13:00:00+00:00,498.0,3.0,319.2,24.6,41.5,0.0,450.0,0,0,0,1.0,mixed
DL002,28.8228,77.0943,2024-11-18T13:00:00+00:00,498.0,3.0,319.2,24.6,41.5,0.0,450.0,0,0,0,0.40476190476190477,industrial
DL003,28.7972,77.0589,2024-11-18T13:00:00+00:00,495.0,3.0,319.2,24.6,41.5,0.0,450.0,0,0,0,0.2857142857142857,agricultural
DL004,28.566,77.1866,2024-11-18T13:00:00+00:00,395.0,3.0,319.2,24.6,41.5,0.0,450.0,0,0,0,0.6666666666666666,residential
DL005,28.6364,77.201,2024-11-18T13:00:00+00:00,345.0,3.0,319.2,24.6,41.5,0.0,450.0,0,0,0,0.5476190476190477,agricultural
DL001,28.6476,77.3158,2024-11-18T14:00:00+00:00,499.0,3.3,324.9,25.0,40.2,0.0,450.0,0,0,0,1.0,mixed
DL002,28.8228,77.0943,2024-11-18T14:00:00+00:00,499.0,3.3,324.9,25.0,40.2,0.0,450.0,0,0,0,0.40476190476190477,industrial
DL003,28.7972,77.0589,2024-11-18T14:00:00+00:00,499.0,3.3,324.9,25.0,40.2,0.0,450.0,0,0,0,0.2857142857142857,agricultural
DL004,28.566,77.1866,2024-11-18T14:00:00+00:00,430.0,3.3,324.9,25.0,40.2,0.0,450.0,0,0,0,0.6666666666666666,residential
DL005,28.6364,77.201,2024-11-18T14:00:00+00:00,380.0,3.3,324.9,25.0,40.2,0.0,450.0,0,0,0,0.5476190476190477,agricultural
DL001,28.6476,77.3158,2024-11-18T15:00:00+00:00,495.0,3.6,321.5,25.0,40.2,0.0,450.0,0,0,0,1.0,mixed
DL002,28.8228,77.0943,2024-11-18T15:00:00+00:00,495.0,3.6,321.5,25.0,40.2,0.0,450.0,0,0,0,0.40476190476190477,industrial
DL003,28.7972,77.0589,2024-11-18T15:00:00+00:00,495.0,3.6,321.5,25.0,40.2,0.0,450.0,0,0,0,0.2857142857142857,agricultural
DL004,28.566,77.1866,2024-11-18T15:00:00+00:00,430.0,3.6,321.5,25.0,40.2,0.0,450.0,0,0,0,0.6666666666666666,residential
DL005,28.6364,77.201,2024-11-18T15:00:00+00:00,380.0,3.6,321.5,25.0,40.2,0.0,450.0,0,0,0,0.5476190476190477,agricultural
DL001,28.6476,77.3158,2024-11-18T16:00:00+00:00,496.0,3.6,312.1,24.6,41.5,0.0,450.0,0,0,0,1.0,mixed
DL002,28.8228,77.0943,2024-11-18T16:00:00+00:00,496.0,3.6,312.1,24.6,41.5,0.0,450.0,0,0,0,0.40476190476190477,industrial
DL003,28.7972,77.0589,2024-11-18T16:00:00+00:00,495.0,3.6,312.1,24.6,41.5,0.0,450.0,0,0,0,0.2857142857142857,agricultural
DL004,28.566,77.1866,2024-11-18T16:00:00+00:00,395.0,3.6,312.1,24.6,41.5,0.0,450.0,0,0,0,0.6666666666666666,residential
DL005,28.6364,77.201,2024-11-18T16:00:00+00:00,345.0,3.6,312.1,24.6,41.5,0.0,450.0,0,0,0,0.5476190476190477,agricultural
DL001,28.6476,77.3158,2024-11-18T17:00:00+00:00,497.0,3.4,305.4,24.0,44.1,0.0,450.0,0,0,0,1.0,mixed
DL002,28.8228,77.0943,2024-11-18T17:00:00+00:00,497.0,3.4,305.4,24.0,44.1,0.0,450.0,0,0,0,0.40476190476190477,industrial
DL003,28.7972,77.0589,2024-11-18T17:00:00+00:00,495.0,3.4,305.4,24.0,44.1,0.0,450.0,0,0,0,0.2857142857142857,agricultural
DL004,28.566,77.1866,2024-11-18T17:00:00+00:00,395.0,3.4,305.4,24.0,44.1,0.0,450.0,0,0,0,0.6666666666666666,residential
DL005,28.6364,77.201,2024-11-18T17:00:00+00:00,345.0,3.4,305.4,24.0,44.1,0.0,450.0,0,0,0,0.5476190476190477,agricultural
DL001,28.6476,77.3158,2024-11-18T18:00:00+00:00,498.0,3.1,307.5,23.0,47.8,0.0,450.0,0,0,0,1.0,mixed
DL002,28.8228,77.0943,2024-11-18T18:00:00+00:00,498.0,3.1,307.5,23.0,47.8,0.0,450.0,0,0,0,0.40476190476190477,industrial
DL003,28.7972,77.0589,2024-11-18T18:00:00+00:00,495.0,3.1,307.5,23.0,47.8,0.0,450.0,0,0,0,0.2857142857142857,agricultural
DL004,28.566,77.1866,2024-11-18T18:00:00+00:00,395.0,3.1,307.5,23.0,47.8,0.0,450.0,0,0,0,0.6666666666666666,residential
DL005,28.6364,77.201,2024-11-18T18:00:00+00:00,345.0,3.1,307.5,23.0,47.8,0.0,450.0,0,0,0,0.5476190476190477,agricultural
DL001,28.6476,77.3158,2024-11-18T19:00:00+00:00,499.0,2.7,316.5,21.9,52.3,0.0,450.0,0,0,0,1.0,mixed
DL002,28.8228,77.0943,2024-11-18T19:00:00+00:00,499.0,2.7,316.5,21.9,52.3,0.0,450.0,0,0,0,0.40476190476190477,industrial
DL003,28.7972,77.0589,2024-11-18T19:00:00+00:00,495.0,2.7,316.5,21.9,52.3,0.0,450.0,0,0,0,0.2857142857142857,agricultural
DL004,28.566,77.1866,2024-11-18T19:00:00+00:00,395.0,2.7,316.5,21.9,52.3,0.0,450.0,0,0,0,0.6666666666666666,residential
DL005,28.6364,77.201,2024-11-18T19:00:00+00:00,345.0,2.7,316.5,21.9,52.3,0.0,450.0,0,0,0,0.5476190476190477,agricultural
DL001,28.6476,77.3158,2024-11-18T20:00:00+00:00,495.0,2.4,324.1,20.7,57.4,0.0,450.0,0,0,0,1.0,mixed
DL002,28.8228,77.0943,2024-11-18T20:00:00+00:00,495.0,2.4,324.1,20.7,57.4,0.0,450.0,0,0,0,0.40476190476190477,industrial
DL003,28.7972,77.0589,2024-11-18T20:00:00+00:00,495.0,2.4,324.1,20.7,57.4,0.0,450.0,0,0,0,0.2857142857142857,agricultural
DL004,28.566,77.1866,2024-11-18T20:00:00+00:00,395.0,2.4,324.1,20.7,57.4,0.0,450.0,0,0,0,0.6666666666666666,residential
DL005,28.6364,77.201,2024-11-18T20:00:00+00:00,345.0,2.4,324.1,20.7,57.4,0.0,450.0,0,0,0,0.5476190476190477,agricultural
DL001,28.6476,77.3158,2024-11-18T21:00:00+00:00,496.0,2.1,323.4,19.3,62.6,0.0,450.0,0,0,0,1.0,mixed
DL002,28.8228,77.0943,2024-11-18T21:00:00+00:00,496.0,2.1,323.4,19.3,62.6,0.0,450.0,0,0,0,0.40476190476190477,industrial
DL003,28.7972,77.0589,2024-11-18T21:00:00+00:00,495.0,2.1,323.4,19.3,62.6,0.0,450.0,0,0,0,0.2857142857142857,agricultural
DL004,28.566,77.1866,2024-11-18T21:00:00+00:00,395.0,2.1,323.4,19.3,62.6,0.0,450.0,0,0,0,0.6666666666666666,residential
DL005,28.6364,77.201,2024-11-18T21:00:00+00:00,345.0,2.1,323.4,19.3,62.6,0.0,450.0,0,0,0,0.5476190476190477,agricultural
DL001,28.6476,77.3158,2024-11-18T22:00:00+00:00,497.0,2.0,314.9,18.1,67.7,0.0,450.0,0,0,0,1.0,mixed
DL002,28.8228,77.0943,2024-11-18T22:00:00+00:00,497.0,2.0,314.9,18.1,67.7,0.0,450.0,0,0,0,0.40476190476190477,industrial
DL003,28.7972,77.0589,2024-11-18T22:00:00+00:00,495.0,2.0,314.9,18.1,67.7,0.0,450.0,0,0,0,0.2857142857142857,agricultural
DL004,28.566,77.1866,2024-11-18T22:00:00+00:00,395.0,2.0,314.9,18.1,67.7,0.0,450.0,0,0,0,0.6666666666666666,residential
DL005,28.6364,77.201,2024-11-18T22:00:00+00:00,345.0,2.0,314.9,18.1,67.7,0.0,450.0,0,0,0,0.5476190476190477,agricultural
DL001,28.6476,77.3158,2024-11-18T23:00:00+00:00,498.0,2.1,306.5,17.0,72.2,0.0,450.0,0,0,0,1.0,mixed
DL002,28.8228,77.0943,2024-11-18T23:00:00+00:00,498.0,2.1,306.5,17.0,72.2,0.0,450.0,0,0,0,0.40476190476190477,industrial
DL003,28.7972,77.0589,2024-11-18T23:00:00+00:00,495.0,2.1,306.5,17.0,72.2,0.0,450.0,0,0,0,0.2857142857142857,agricultural
DL004,28.566,77.1866,2024-11-18T23:00:00+00:00,395.0,2.1,306.5,17.0,72.2,0.0,450.0,0,0,0,0.6666666666666666,residential
DL005,28.6364,77.201,2024-11-18T23:00:00+00:00,345.0,2.1,306.5,17.0,72.2,0.0,450.0,0,0,0,0.5476190476190477,agricultural
